Num_Acc;id_vehicule;num_veh;senc;catv;obs;obsm;choc;manv;motor;occutc
201900000284;138 305 999;B01;3;7;0;2;3;1;1;
201900000285;138 305 997;A01;3;7;0;0;3;1;1;
201900000286;138 305 996;A01;3;7;15;0;1;1;1;
201900000287;138 305 995;A01;2;7;1;0;3;13;1;
201900000288;138 305 993;A01;2;7;13;0;2;21;1;
201900000289;138 305 992;A01;1;2;6;0;7;1;1;
201900000290;138 305 990;A01;2;32;0;2;1;2;1;
201900000290;138 305 991;B01;2;7;0;2;4;23;1;
201900000291;138 305 989;A01;0;7;13;0;1;1;1;
201900000292;138 305 987;A01;2;7;0;2;6;15;1;
201900000292;138 305 988;B01;1;33;0;2;1;1;1;
201900000293;138 305 982;B01;1;1;0;2;1;5;5;
201900000293;138 305 983;A01;2;7;0;9;1;1;6;
201900000294;138 305 978;B01;3;10;0;0;6;16;0;
201900000294;138 305 979;A01;3;33;0;2;2;13;0;
201900000295;138 305 976;A01;2;7;0;2;3;13;0;
201900000295;138 305 977;B01;1;7;7;2;3;1;0;
201900000296;138 305 973;A01;2;33;8;0;2;1;0;
201900000297;138 305 971;A01;2;7;0;2;8;19;1;
201900000297;138 305 972;B01;1;7;0;2;1;1;1;
201900000298;138 305 970;A01;1;7;13;0;3;19;1;
201900000299;138 305 968;B01;1;7;0;0;4;1;6;
201900000299;138 305 969;A01;1;10;0;0;1;2;1;
201900000300;138 305 967;A01;1;7;13;0;3;0;1;
201900000301;138 305 965;B01;0;7;0;2;5;19;1;
201900000301;138 305 966;A01;0;32;0;2;1;1;1;
201900000302;138 305 963;A01;0;7;0;0;3;0;1;
201900000302;138 305 964;B01;0;2;0;2;3;13;1;
201900000303;138 305 961;B01;2;15;0;0;4;2;1;
201900000303;138 305 962;A01;2;10;0;2;1;2;1;
201900000304;138 305 960;A01;3;7;2;0;1;0;1;
201900000305;138 305 958;B01;2;1;0;0;4;1;5;
201900000305;138 305 959;A01;2;33;8;2;1;1;1;
201900000306;138 305 957;A01;1;30;11;0;9;13;1;
201900000307;138 305 955;B01;2;1;0;2;1;0;5;
201900000307;138 305 956;A01;1;7;0;2;2;0;1;
201900000308;138 305 953;B01;2;30;0;2;3;0;1;
201900000308;138 305 954;A01;1;30;0;2;2;0;1;
201900000309;138 305 951;B01;2;7;0;2;5;1;1;
201900000309;138 305 952;A01;1;30;0;2;2;16;1;
201900000310;138 305 950;A01;1;1;0;0;7;1;5;
201900000311;138 305 949;A01;3;33;0;0;0;1;1;
201900000312;138 305 947;B01;1;2;0;2;2;1;1;
201900000312;138 305 948;A01;1;7;0;2;3;9;1;
201900000313;138 305 946;A01;1;7;4;0;9;26;1;
201900000314;138 305 944;A01;1;7;0;2;8;9;1;
201900000314;138 305 945;B01;1;30;0;2;7;1;1;
201900000315;138 305 942;A01;1;10;0;2;3;15;0;
201900000315;138 305 943;B01;0;32;0;2;1;1;0;
201900000316;138 305 940;B01;2;7;0;2;4;2;1;
201900000316;138 305 941;A01;2;30;0;2;1;2;1;
201900000317;138 305 938;B01;1;7;0;2;1;1;1;
201900000317;138 305 939;A01;2;7;0;2;1;13;1;
201900000318;138 305 936;A01;1;30;0;2;1;2;1;
201900000318;138 305 937;B01;1;7;0;2;4;2;1;
201900000319;138 305 934;A01;2;7;0;2;1;15;1;
201900000319;138 305 935;B01;1;30;0;2;1;1;1;
201900000320;138 305 933;A01;2;1;0;1;1;1;5;
201900000321;138 305 932;A01;1;30;0;0;8;1;1;
201900000322;138 305 931;A01;1;30;0;0;1;1;1;
201900000323;138 305 930;A01;1;33;12;0;2;14;1;
201900000324;138 305 929;A01;1;7;0;1;1;1;1;
201900000325;138 305 928;A01;3;7;0;1;2;9;1;
201900000326;138 305 925;A01;2;2;12;0;1;1;1;
201900000327;138 305 923;A01;3;7;0;2;1;2;1;
201900000327;138 305 924;B01;3;50;0;2;0;0;3;
201900000328;138 305 921;B01;3;7;0;2;8;16;1;
201900000328;138 305 922;A01;3;10;0;2;2;2;1;
201900000329;138 305 919;B01;3;1;0;2;7;19;5;
201900000329;138 305 920;A01;3;7;0;2;2;1;0;
201900000330;138 305 917;B01;1;7;0;2;8;0;1;
201900000330;138 305 918;A01;1;7;0;2;1;1;1;
201900000331;138 305 915;B01;3;7;0;2;2;15;1;
201900000331;138 305 916;A01;3;30;0;2;1;1;1;
201900000332;138 305 913;A01;1;7;9;0;1;0;1;
201900000333;138 305 911;A01;3;33;0;2;2;17;1;
201900000333;138 305 912;B01;3;7;0;2;3;15;1;
201900000334;138 305 907;B01;3;50;0;2;1;1;3;
201900000334;138 305 908;A01;3;7;0;6;2;16;0;
201900000335;138 305 904;A01;3;1;0;1;1;15;5;
201900000336;138 305 901;B01;2;7;0;2;6;23;1;
201900000336;138 305 902;C01;2;7;0;2;4;23;1;
201900000336;138 305 903;A01;2;7;0;2;1;21;1;
201900000337;138 305 898;A01;2;1;0;0;7;16;5;
201900000338;138 305 896;A01;2;7;0;2;8;15;1;
201900000338;138 305 897;B01;2;33;0;2;1;1;1;
201900000339;138 305 895;A01;3;7;1;0;1;1;1;
201900000340;138 305 893;B01;2;30;0;2;7;1;1;
201900000340;138 305 894;Z01;1;7;0;2;1;9;0;
201900000341;138 305 891;A01;2;30;0;2;1;1;1;
201900000341;138 305 892;B01;2;7;0;2;5;23;1;
201900000342;138 305 890;A01;1;7;6;0;1;1;1;
201900000343;138 305 888;A01;1;7;0;2;2;0;1;
201900000343;138 305 889;B01;1;7;0;2;3;0;1;
201900000344;138 305 885;B01;1;7;0;2;4;2;1;
201900000344;138 305 886;A01;1;7;0;2;1;2;1;
201900000345;138 305 882;A01;3;7;0;2;7;17;0;
201900000345;138 305 883;B01;3;1;0;2;8;1;5;
201900000346;138 305 880;A01;0;31;0;2;8;18;1;
201900000346;138 305 881;B01;0;10;0;2;7;16;1;
201900000347;138 305 875;C01;0;7;0;2;3;1;1;
201900000347;138 305 876;B01;0;7;0;2;7;1;1;
201900000347;138 305 877;A01;1;7;0;2;1;1;1;
201900000348;138 305 873;A01;2;7;0;2;1;13;1;
201900000348;138 305 874;B01;1;7;0;2;2;1;1;
201900000349;138 305 872;A01;1;7;0;1;3;1;0;
201900000350;138 305 870;B01;3;1;0;2;1;26;5;
201900000350;138 305 871;A01;3;7;0;6;1;26;1;
201900000351;138 305 868;B01;3;7;0;2;3;26;1;
201900000351;138 305 869;A01;3;7;0;2;1;26;1;
201900000352;138 305 866;A01;1;33;0;2;8;5;0;
201900000352;138 305 867;B01;2;7;0;2;2;1;0;
201900000353;138 305 864;A01;3;7;0;2;3;26;1;
201900000353;138 305 865;B01;3;33;0;2;1;26;1;
201900000354;138 305 862;A01;3;1;0;2;7;19;5;
201900000354;138 305 863;B01;1;7;0;2;1;1;1;
201900000355;138 305 861;A01;2;2;12;0;1;0;1;
201900000356;138 305 860;A01;1;7;13;0;1;13;1;
201900000357;138 305 859;A01;1;30;0;1;1;1;1;
201900000358;138 305 858;A01;3;7;13;0;1;26;1;
201900000359;138 305 857;A01;1;7;9;0;0;0;1;
201900000360;138 305 855;A01;2;1;0;2;1;16;5;
201900000360;138 305 856;B01;1;1;0;2;1;9;5;
201900000361;138 305 851;A01;0;7;0;0;4;1;1;
201900000361;138 305 852;B01;0;33;0;2;1;9;1;
201900000362;138 305 849;B01;2;14;0;2;8;1;1;
201900000362;138 305 850;A01;1;7;0;2;3;1;1;
201900000363;138 305 848;A01;1;7;4;0;2;14;1;
201900000364;138 305 847;A01;3;33;0;0;8;26;1;
201900000365;138 305 846;A01;1;33;0;1;1;21;1;
201900000366;138 305 845;A01;3;33;14;0;8;1;1;
201900000367;138 305 843;B01;1;2;0;2;1;1;1;
201900000367;138 305 844;A01;3;10;0;2;6;26;1;
201900000368;138 305 841;B01;3;1;0;0;0;0;0;
201900000368;138 305 842;A01;0;7;0;0;0;15;1;
201900000369;138 305 839;A01;2;7;0;2;3;9;1;
201900000369;138 305 840;B01;1;7;3;2;2;1;1;
201900000370;138 305 838;A01;2;7;3;0;3;9;1;
201900000371;138 305 836;B01;3;1;0;2;1;19;5;
201900000371;138 305 837;A01;3;10;0;6;7;1;1;
201900000372;138 305 834;A01;3;33;0;2;7;17;1;
201900000372;138 305 835;B01;3;7;0;2;3;15;1;
201900000373;138 305 833;A01;1;7;0;0;9;1;1;
201900000374;138 305 832;A01;3;1;0;1;1;26;5;
201900000375;138 305 831;A01;3;7;0;1;1;20;1;
201900000376;138 305 829;A01;1;32;0;2;3;15;1;
201900000376;138 305 830;B01;1;10;0;2;7;2;1;
201900000377;138 305 827;B01;1;7;0;2;3;1;1;
201900000377;138 305 828;A01;2;7;0;2;2;1;1;
201900000378;138 305 826;A01;3;10;0;2;4;26;1;
201900000379;138 305 824;A01;3;10;0;2;2;15;1;
201900000379;138 305 825;B01;3;10;0;2;3;1;1;
201900000380;138 305 823;A01;3;10;0;2;2;1;1;
201900000381;138 305 821;B01;1;7;0;2;2;1;1;
201900000381;138 305 822;A01;1;10;0;2;3;1;1;
201900000382;138 305 819;B01;3;1;0;2;8;1;5;
201900000382;138 305 820;A01;3;7;0;2;2;16;1;
201900000383;138 305 818;A01;2;7;0;1;6;20;1;
201900000384;138 305 817;A01;1;7;0;1;1;26;0;
201900000385;138 305 814;C01;2;10;1;0;1;23;1;
201900000385;138 305 815;B01;2;10;1;2;4;23;1;
201900000385;138 305 816;A01;2;10;14;2;1;5;1;
201900000386;138 305 813;A01;1;99;1;0;6;4;1;
201900000387;138 305 812;A01;0;0;0;0;0;0;0;
201900000388;138 305 811;A01;1;7;0;1;1;1;0;
201900000389;138 305 809;B01;0;32;0;2;9;1;0;
201900000389;138 305 810;A01;0;7;0;2;8;16;1;
201900000390;138 305 807;A01;1;7;0;2;1;19;0;
201900000390;138 305 808;D01;1;32;0;2;8;1; -1;
201900000391;138 305 806;A01;3;7;1;0;0;0;0;
201900000392;138 305 804;B01;0;2;0;2;1;19;0;
201900000392;138 305 805;A01;3;3;0;2;2;1;0;
201900000393;138 305 802;Z01;0;7;0;2;0;1;6;
201900000393;138 305 803;B01;2;30;0;2;2;1;1;
201900000394;138 305 800;A01;1;7;0;0;0;0;0;
201900000394;138 305 801;B01;1;1;1;0;1;2;0;
201900000395;138 305 799;A01;1;32;0;1;3;21;0;
201900000396;138 305 797;B01;2;7;0;2;4;9;0;
201900000396;138 305 798;A01;2;34;0;2;4;1;1;
201900000397;138 305 796;A01;1;10;0;1;3;15;0;
201900000398;138 305 794;A01;2;7;0;2;8;15;3;
201900000398;138 305 795;B01;1;7;0;2;7;1;3;
201900000399;138 305 792;B01;1;7;0;2;1;1;1;
201900000399;138 305 793;A01;1;7;11;2;2;1;1;
201900000400;138 305 790;A01;1;7;0;2;1;19;1;
201900000400;138 305 791;B01;1;7;9;1;1;2;1;
201900000401;138 305 788;A01;3;10;0;2;3;9;0;
201900000401;138 305 789;B01;3;32;0;2;2;1;0;
201900000402;138 305 786;B01;1;1;0;2;5;16;0;
201900000402;138 305 787;A01;2;10;0;1;1;1;0;
201900000403;138 305 784;A01;2;7;0;2;7;1;1;
201900000403;138 305 785;B01;2;37;0;2;3;1;1;1
201900000404;138 305 783;A01;1;7;4;0;9;0;0;
201900000405;138 305 781;B01;0;7;12;2;7;1;1;
201900000405;138 305 782;A01;0;7;12;2;1;1;1;
201900000406;138 305 778;A01;1;7;0;2;1;1;1;
201900000406;138 305 779;B01;1;7;1;0;3;1;1;
201900000407;138 305 776;A01;2;7;0;2;1;1;1;
201900000407;138 305 777;B01;1;33;0;2;7;1;1;
201900000408;138 305 775;A01;2;7;0;1;1;1;0;
201900000409;138 305 774;A01;2;7;0;1;1;1;0;
201900000410;138 305 773;A01;1;32;0;1;3;21;0;
201900000411;138 305 770;C01;1;7;0;2;4;2;0;
201900000411;138 305 771;B01;1;7;0;2;4;2;0;
201900000411;138 305 772;A01;1;7;0;2;1;2;0;
201900000412;138 305 768;B01;1;2;0;2;7;15;1;
201900000412;138 305 769;A01;1;7;0;2;8;15;1;
201900000413;138 305 765;C01;1;10;0;6;1;1;6;
201900000413;138 305 766;B01;2;33;0;2;1;1;6;
201900000413;138 305 767;A01;3;7;0;2;3;16;6;
201900000414;138 305 763;B01;1;7;0;2;5;16;1;
201900000414;138 305 764;A01;1;34;0;2;1;18;1;
201900000415;138 305 762;A01;2;7;1;0;2;14;1;
201900000416;138 305 761;A01;3;7;0;1;2;1;0;
201900000417;138 305 759;B01;1;34;0;2;1;1;0;
201900000417;138 305 760;A01;1;7;0;2;3;15;0;
201900000418;138 305 757;A01;1;7;0;2;2;15;0;
201900000418;138 305 758;B01;1;7;0;2;1;1;0;
201900000419;138 305 756;Z01;1;30;0;1;1;26;0;
201900000420;138 305 754;B01;1;30;0;2;1;1;1;
201900000420;138 305 755;A01;1;7;0;2;3;15;1;
201900000421;138 305 753;B01;0;10;1;1;3;18;1;
201900000422;138 305 751;A01;1;10;0;2;2;16;1;
201900000422;138 305 752;B01;1;30;0;2;0;0;1;
201900000423;138 305 749;B01;2;3;0;2;3;13;1;
201900000423;138 305 750;A01;1;7;1;0;3;13;1;
201900000424;138 305 745;A01;1;7;14;0;1;9;1;
201900000424;138 305 746;B01;1;7;14;0;4;23;1;
201900000424;138 305 747;C01;1;7;0;1;4;23;1;
201900000425;138 305 744;A01;2;7;0;1;1;1;1;
201900000426;138 305 742;A01;1;7;0;2;1;19;1;
201900000426;138 305 743;B01;2;7;0;2;2;2;1;
201900000427;138 305 739;A01;2;7;0;2;2;1;1;
201900000427;138 305 740;C01;1;20;0;2;3;1;1;
201900000427;138 305 741;B01;2;33;0;2;1;16;1;
201900000428;138 305 738;A01;1;7;1;1;2;17;1;
201900000429;138 305 736;A01;2;7;0;0;8;16;1;
201900000429;138 305 737;B01;2;42;0;0;7;3;1;
201900000430;138 305 734;A01;1;7;1;0;2;17;1;
201900000430;138 305 735;B01;2;33;0;2;1;21;1;
201900000431;138 305 733;A01;2;10;6;2;1;26;0;
201900000432;138 305 732;A01;3;10;4;0;9;12;0;
201900000433;138 305 731;A01;3;7;0;1;1;17;1;
201900000434;138 305 730;A01;2;7;0;0;1;1;1;
201900000435;138 305 728;A01;1;7;0;2;1;15;1;
201900000435;138 305 729;B01;2;34;0;2;1;2;1;
201900000436;138 305 726;A01;2;3;0;2;3;1;1;
201900000436;138 305 727;B01;2;10;0;2;2;15;1;
201900000437;138 305 724;A01;0;99;0;2;2;15;1;
201900000437;138 305 725;B01;2;2;0;2;1;0;1;
201900000438;138 305 722;A01;1;10;0;2;7;16;1;
201900000438;138 305 723;B01;2;2;0;2;1;18;1;
201900000439;138 305 720;B01;1;32;0;2;1;1;0;
201900000439;138 305 721;A01;1;3;0;2;1;26;0;
201900000440;138 305 718;A01;3;7;1;0;2;24;1;
201900000440;138 305 719;B01;1;7;2;0;2;2;1;
201900000441;138 305 717;A01;3;0;0;1;6;1;0;
201900000442;138 305 715;B01;3;10;9;2;1;19;0;
201900000442;138 305 716;A01;3;10;0;2;2;1;0;
201900000443;138 305 713;A01;1;7;0;2;5;2;1;
201900000443;138 305 714;B01;1;1;0;2;8;2;5;
201900000444;138 305 711;A01;3;7;0;2;7;9;0;
201900000444;138 305 712;B01;3;32;0;2;3;1;0;
201900000445;138 305 710;A01;0;7;0;1;1;1;1;
201900000446;138 305 708;B01;1;10;0;2;4;0;0;
201900000446;138 305 709;A01;1;7;0;2;1;26;0;
201900000447;138 305 706;A01;0;7;0;2;2;15;6;
201900000447;138 305 707;B01;0;7;0;2;6;26;0;
201900000448;138 305 704;B01;1;7;0;2;6;24;1;
201900000448;138 305 705;A01;1;7;1;0;2;1;1;
201900000449;138 305 702;A01;2;7;1;0;1;1;0;
201900000449;138 305 703;B01;3;7;0;2;4;0;0;
201900000450;138 305 700;B01;2;3;0;2;8;1;6;
201900000450;138 305 701;A01;1;3;0;2;1;15;6;
201900000451;138 305 698;A01;2;7;0;2;6;1;1;
201900000451;138 305 699;B01;2;7;0;2;2;12;1;
201900000452;138 305 696;B01;0;31;0;0;0;0;0;
201900000452;138 305 697;A01;1;7;1;0;2;5;1;
201900000453;138 305 695;A01;2;7;15;2;1;1;1;
201900000454;138 305 693;A01;2;7;0;2;6;24;0;
201900000454;138 305 694;B01;2;32;0;2;1;1;1;
201900000455;138 305 691;B01;0;7;0;2;1;1;0;
201900000455;138 305 692;A01;0;7;0;2;8;16;0;
201900000456;138 305 689;A01;2;7;0;2;1;1;0;
201900000456;138 305 690;B01;1;2;0;2;2;9;0;
201900000457;138 305 687;A01;3;37;0;2;2;1;0;1
201900000457;138 305 688;B01;3;7;0;2;1;9;1;
201900000458;138 305 685;B01;1;7;0;2;4;23;0;
201900000458;138 305 686;A01;1;10;0;2;1;2;0;
201900000459;138 305 683;B01;3;7;0;2;3;0;1;
201900000459;138 305 684;A01;3;7;0;0;3;0;1;
201900000460;138 305 682;A01;2;7;0;1;3;26;1;
201900000461;138 305 680;A01;3;10;0;2;1;2;1;
201900000461;138 305 681;B01;1;10;0;2;4;23;1;
201900000462;138 305 679;A01;3;7;0;1;3;15;2;
201900000463;138 305 676;A01;0;7;0;2;4;1;1;
201900000463;138 305 677;B01;0;7;0;2;4;1;1;
201900000463;138 305 678;C01;0;7;0;2;1;1;2;
201900000464;138 305 674;B01;3;7;0;0;3;26;0;
201900000464;138 305 675;A01;3;37;0;1;5;14;0;1
201900000465;138 305 673;A01;3;7;0;1;2;1;0;
201900000466;138 305 671;B01;3;0;0;2;8;19;5;
201900000466;138 305 672;A01;1;7;0;1;4;4;1;
201900000467;138 305 670;A01;0;7;3;1;1;26;0;
201900000468;138 305 668;B01;1;1;0;2;1;1;5;
201900000468;138 305 669;A01;2;7;0;2;7;15;1;
201900000469;138 305 666;B01;2;7;0;2;4;2;0;
201900000469;138 305 667;A01;2;7;0;2;1;2;0;
201900000470;138 305 665;A01;2;33;0;0;3;0;0;
201900000471;138 305 664;Z01;3;7;0;1;0;0;0;
201900000472;138 305 662;B01;2;2;0;2;1;3;1;
201900000472;138 305 663;A01;1;7;0;2;2;15;1;
201900000473;138 305 660;A01;2;7;0;2;5;12;1;
201900000473;138 305 661;B01;2;33;0;2;3;18;1;
201900000474;138 305 658;B01;1;7;12;2;0;14;1;
201900000474;138 305 659;A01;1;33;0;2;3;1;1;
201900000475;138 305 656;A01;2;33;0;2;6;1;1;
201900000475;138 305 657;Z01;1;7;0;2;3;15;1;
201900000476;138 305 655;Z01;1;33;0;1;1;1;1;
201900000477;138 305 653;B01;1;32;0;2;4;23;1;
201900000477;138 305 654;A01;1;7;0;2;1;2;1;
201900000478;138 305 651;A01;2;14;0;2;3;1;1;
201900000478;138 305 652;B01;2;1;0;2;7;12;5;
201900000479;138 305 649;B01;2;7;0;2;3;10;2;
201900000479;138 305 650;A01;2;32;0;2;1;17;1;
201900000480;138 305 648;A01;1;1;0;1;1;1;5;
201900000481;138 305 646;A01;2;31;1;2;1;17;1;
201900000481;138 305 647;B01;2;10;0;2;0;23;1;
201900000482;138 305 644;A01;2;7;0;2;5;16;1;
201900000482;138 305 645;B01;2;30;0;2;3;18;1;
201900000483;138 305 642;A01;1;1;0;2;6;9;5;
201900000483;138 305 643;Z01;1;30;0;2;1;1;0;
201900000484;138 305 640;A01;1;7;0;2;1;1;1;
201900000484;138 305 641;B01;1;7;0;2;8;1;1;
201900000485;138 305 639;A01;2;33;0;1;1;7;1;
201900000486;138 305 637;A01;1;7;0;2;2;15;1;
201900000486;138 305 638;B01;2;33;0;2;1;1;1;
201900000487;138 305 636;A01;2;7;16;0;1;16;1;
201900000488;138 305 633;A01;3;3;0;2;6;26;1;
201900000488;138 305 634;B01;3;3;0;2;2;21;1;
201900000488;138 305 635;C01;3;3;0;2;1;2;2;
201900000489;138 305 631;A01;2;33;0;1;2;2;0;
201900000489;138 305 632;B01;2;1;0;2;3;9;5;
201900000490;138 305 629;B01;2;7;0;2;4;23;1;
201900000490;138 305 630;A01;2;7;0;2;1;1;1;
201900000491;138 305 628;A01;3;50;0;1;1;15;3;
201900000492;138 305 627;A01;1;7;0;1;7;1;1;
201900000493;138 305 626;A01;2;7;0;1;2;1;1;
201900000494;138 305 624;B01;3;7;0;2;1;1;1;
201900000494;138 305 625;A01;3;7;0;2;1;26;1;
201900000495;138 305 622;A01;0;7;14;0;1;26;0;
201900000495;138 305 623;B01;0;10;0;0;0;0;0;
201900000496;138 305 621;A01;3;7;0;1;4;0;1;
201900000497;138 305 619;A01;3;33;0;2;2;17;1;
201900000497;138 305 620;B01;3;80;0;2;8;15;3;
201900000498;138 305 617;A01;2;7;0;2;8;22;1;
201900000498;138 305 618;B01;2;1;1;0;1;2;5;
201900000499;138 305 616;A01;2;10;0;1;1;9;0;
201900000500;138 305 614;A01;2;7;0;1;8;19;1;
201900000500;138 305 615;AB01;2;0;0;2;3;19;5;
201900000501;138 305 610;C01;1;7;0;2;1;1;1;
201900000501;138 305 611;A01;1;7;0;2;3;26;1;
201900000501;138 305 612;D01;3;7;0;2;6;16;1;
201900000501;138 305 613;B01;1;33;0;2;5;15;1;
201900000502;138 305 608;B01;1;7;0;2;5;0;1;
201900000502;138 305 609;A01;1;32;0;2;1;18;1;
201900000503;138 305 607;A01;2;33;0;0;0;1;0;
201900000504;138 305 605;A01;1;7;0;9;3;1;1;
201900000504;138 305 606;B01;1;60;0;2;1;1;5;
201900000505;138 305 604;A01;1;99;8;1;2;13;1;
201900000506;138 305 602;A01;1;7;0;2;3;9;1;
201900000506;138 305 603;B01;1;7;0;2;1;1;1;
201900000507;138 305 600;B01;3;60;0;2;1;1;5;
201900000507;138 305 601;A01;3;7;6;2;3;26;0;
201900000508;138 305 599;A01;1;7;0;1;2;1;1;
201900000509;138 305 597;B01;2;17;0;2;8;1;1;
201900000509;138 305 598;A01;1;7;0;2;3;13;1;
201900000510;138 305 595;B01;1;7;0;2;3;1;1;
201900000510;138 305 596;A01;2;32;0;2;1;1;1;
201900000511;138 305 592;C01;1;7;0;2;4;2;1;
201900000511;138 305 593;B01;1;7;0;2;4;2;1;
201900000511;138 305 594;A01;1;7;0;2;1;2;1;
201900000512;138 305 589;A01;2;7;0;2;1;2;1;
201900000512;138 305 590;B01;2;7;0;2;4;1;1;
201900000512;138 305 591;C01;2;7;0;2;6;1;1;
201900000513;138 305 585;A01;1;7;2;0;9;1;1;
201900000514;138 305 583;A01;1;99;0;0;6;26;1;
201900000514;138 305 584;B01;2;33;0;0;0;1;6;
201900000515;138 305 581;A01;3;3;0;0;8;1;1;
201900000515;138 305 582;B01;3;7;0;2;1;1;1;
201900000516;138 305 579;A01;2;7;0;2;3;0;1;
201900000516;138 305 580;B01;1;7;0;2;3;1;0;
201900000517;138 305 577;B01;2;33;0;2;1;1;1;
201900000517;138 305 578;A01;1;7;0;2;3;15;1;
201900000518;138 305 575;A01;1;7;0;2;2;0;0;
201900000518;138 305 576;B01;1;7;0;2;3;0;0;
201900000519;138 305 574;A01;1;7;7;0;8;13;1;
201900000520;138 305 572;A01;3;2;0;2;2;1;1;
201900000520;138 305 573;B01;3;7;0;2;2;5;1;
201900000521;138 305 570;A01;2;7;0;2;1;1;1;
201900000521;138 305 571;B01;2;7;0;2;3;1;1;
201900000522;138 305 569;A01;2;7;0;1;2;1;1;
201900000523;138 305 567;A01;3;7;0;2;1;2;0;
201900000523;138 305 568;B01;3;7;0;2;1;1;1;
201900000524;138 305 565;B01;2;7;0;2;3;1;1;
201900000524;138 305 566;A01;1;33;0;2;1;17;1;
201900000525;138 305 563;B01;2;7;0;2;1;1;1;
201900000525;138 305 564;A01;1;7;0;2;2;15;1;
201900000526;138 305 561;B01;0;80;0;2;1;5;3;
201900000526;138 305 562;A01;0;7;0;9;3;1;1;
201900000527;138 305 560;A01;1;33;13;0;0;1;1;
201900000528;138 305 558;B01;3;1;0;2;1;1;5;
201900000528;138 305 559;A01;3;7;0;2;2;1;1;
201900000529;138 305 555;A01;2;7;13;0;3;1;1;
201900000530;138 305 553;B01;3;1;13;0;4;15;5;
201900000530;138 305 554;A01;3;7;0;2;2;21;1;
201900000531;138 305 552;A01;1;33;0;0;0;1;1;
201900000532;138 305 551;A01;3;7;0;1;1;1;1;
201900000533;138 305 550;A01;3;3;0;1;1;15;1;
201900000534;138 305 549;A01;2;2;0;0;7;16;1;
201900000535;138 305 548;A01;1;33;13;0;1;2;1;
201900000536;138 305 546;A01;1;34;0;6;1;1;1;
201900000537;138 305 544;B01;1;7;0;2;1;1;1;
201900000537;138 305 545;A01;1;13;6;0;3;1;1;
201900000538;138 305 543;A01;1;1;0;0;0;1;5;
201900000539;138 305 541;B01;2;7;0;0;4;1;2;
201900000539;138 305 542;A01;2;7;0;2;1;1;1;
201900000540;138 305 540;A01;1;7;2;0;1;1;6;
201900000541;138 305 539;B01;1;7;0;1;2;1;1;
201900000542;138 305 538;A01;1;99;16;0;3;1;6;
201900000543;138 305 534;B01;3;31;0;2;1;1;1;
201900000543;138 305 535;A01;3;7;0;2;3;15;1;
201900000544;138 305 532;B01;2;34;0;2;1;2;1;
201900000544;138 305 533;A01;2;7;0;0;4;15;1;
201900000545;138 305 531;A01;0;7;0;1;3;19;1;
201900000546;138 305 529;B01;0;33;0;2;1;1;1;
201900000546;138 305 530;A01;0;7;0;2;2;5;1;
201900000547;138 305 528;A01;1;7;0;1;1;0;1;
201900000548;138 305 525;A01;2;32;0;2;1;17;1;
201900000548;138 305 526;B01;2;7;0;2;8;15;1;
201900000549;138 305 524;A01;3;7;0;1;3;15;1;
201900000550;138 305 521;C01;3;7;0;2;4;2;0;
201900000550;138 305 522;B01;3;7;0;2;4;2;1;
201900000550;138 305 523;A01;3;10;0;2;1;1;1;
201900000551;138 305 520;A01;1;7;4;0;5;1;1;
201900000552;138 305 519;Z01;2;7;0;1;2;18;1;
201900000553;138 305 517;B01;2;7;0;2;4;0;0;
201900000553;138 305 518;A01;2;7;0;2;1;26;0;
201900000554;138 305 516;A01;1;7;15;0;1;1;1;
201900000555;138 305 514;A01;1;7;0;1;3;21;1;
201900000556;138 305 512;A01;2;7;0;2;2;12;1;
201900000556;138 305 513;B01;2;32;0;2;8;3;1;
201900000557;138 305 509;C01;2;14;0;2;5;1;6;
201900000557;138 305 510;B01;2;37;0;2;6;23;1;1
201900000557;138 305 511;A01;2;33;0;2;1;17;1;
201900000558;138 305 508;A01;2;1;0;1;8;1;5;
201900000559;138 305 506;B01;1;7;0;2;2;12;1;
201900000559;138 305 507;A01;1;30;0;2;8;18;1;
201900000560;138 305 504;B01;1;7;0;2;8;13;1;
201900000560;138 305 505;A01;1;33;0;2;2;17;1;
201900000561;138 305 502;B01;1;7;0;2;7;22;1;
201900000561;138 305 503;A01;1;30;0;2;3;18;1;
201900000562;138 305 501;A01;2;31;0;1;2;17;1;
201900000563;138 305 499;Z01;1;7;0;2;0;14;0;
201900000563;138 305 500;A01;1;31;0;2;0;18;1;
201900000564;138 305 497;B01;1;32;0;2;2;1;1;
201900000564;138 305 498;A01;1;7;0;2;3;22;1;
201900000565;138 305 496;A01;2;43;0;1;1;20;1;
201900000566;138 305 494;Z01;1;7;0;2;2;15;1;
201900000566;138 305 495;A01;1;33;0;2;8;1;1;
201900000567;138 305 493;A01;2;32;0;0;8;1;1;
201900000568;138 305 491;B01;2;33;0;2;4;23;1;