Num_Acc;id_vehicule;num_veh;senc;catv;obs;obsm;choc;manv;motor;occutc
201900000568;138 305 492;A01;2;7;0;2;1;2;1;
201900000569;138 305 489;B01;1;30;0;2;0;9;1;
201900000569;138 305 490;Z01;2;1;0;2;0;5;5;
201900000570;138 305 487;A01;1;7;0;2;3;15;1;
201900000570;138 305 488;B01;1;32;0;2;7;1;1;
201900000571;138 305 483;B01;2;7;0;2;8;1;0;
201900000571;138 305 484;A01;1;7;0;2;3;1;1;
201900000572;138 305 482;A01;1;7;0;1;1;15;1;
201900000573;138 305 480;A01;1;7;0;2;8;15;0;
201900000573;138 305 481;B01;2;37;0;2;2;15;0;2
201900000574;138 305 478;B01;1;50;0;2;8;0;3;
201900000574;138 305 479;A01;1;7;0;9;1;26;1;
201900000575;138 305 476;B01;3;7;0;2;8;1;1;
201900000575;138 305 477;A01;3;10;0;2;1;5;1;
201900000576;138 305 474;B01;3;32;0;2;7;1;1;
201900000576;138 305 475;A01;3;7;0;2;1;9;1;
201900000577;138 305 473;A01;2;7;0;1;1;15;1;
201900000578;138 305 471;A01;1;7;0;2;1;1;1;
201900000578;138 305 472;B01;1;7;0;1;7;15;1;
201900000579;138 305 469;B01;1;34;0;2;1;3;1;
201900000579;138 305 470;A01;1;7;0;2;3;11;1;
201900000580;138 305 467;B01;2;1;0;2;1;0;0;
201900000580;138 305 468;A01;1;7;0;2;7;15;1;
201900000581;138 305 466;A01;2;37;0;1;3;2;6;2
201900000582;138 305 461;A01;1;32;0;2;1;26;0;
201900000582;138 305 462;C01;1;7; -1; -1; -1;1; -1;
201900000583;138 305 460;A01;1;14;0;1;7;1;6;
201900000584;138 305 459;A01;3;37;0;1;1;26;0;1
201900000585;138 305 458;A01;3;30;0;1;1;25;0;
201900000586;138 305 457;A01;3;13;0;1;4;4;6;
201900000587;138 305 455;B01;2;1;0;2;1;1;6;
201900000587;138 305 456;A01;1;30;0;2;6;15;1;
201900000588;138 305 454;A01;2;7;0;1;3;1;1;
201900000589;138 305 453;A01;0;2;0;1;0;0; -1;
201900000590;138 305 452;Z01;1;2;0;1;8;13;1;
201900000591;138 305 451;Z01;3;30;0;1;1;25;1;
201900000592;138 305 449;A01;1;7;0;2;3;9;0;
201900000592;138 305 450;B01;1;30;0;2;1;1;0;
201900000593;138 305 447;Z01;2;7;0;1;0;0;0;
201900000593;138 305 448;A01;2;34;0;1;1;1;1;
201900000594;138 305 446;A01;3;7;0;1;1;1;1;
201900000595;138 305 445;A01;1;10;0;1;2;1;1;
201900000596;138 305 443;A01;0;7;0;2;3;13;1;
201900000596;138 305 444;B01;3;21;0;2;3;0;1;
201900000597;138 305 442;A01;0;7;6;0;1;1;1;
201900000598;138 305 441;A01;3;7;0;0;0;1;1;
201900000599;138 305 439;B01;3;7;1;0;1;1;1;
201900000599;138 305 440;A01;3;7;0;1;1;23;1;
201900000600;138 305 438;A01;1;7;13;0;1;1;1;
201900000601;138 305 436;A01;2;7;15;2;1;1;1;
201900000601;138 305 437;B01;3;7;15;2;7;19;1;
201900000602;138 305 435;A01;2;7;13;0;0;1;1;
201900000603;138 305 433;A01;2;7;0;2;3;1;0;
201900000603;138 305 434;B01;2;1;0;2;7;19;5;
201900000604;138 305 432;A01;3;7;0;1;3;1;1;
201900000605;138 305 431;A01;3;7;8;0;1;1;0;
201900000606;138 305 429;B01;2;33;0;0;4;1;1;
201900000606;138 305 430;A01;2;7;0;2;3;2;1;
201900000607;138 305 427;B01;2;7;0;2;3;1;1;
201900000607;138 305 428;A01;1;7;0;2;2;21;1;
201900000608;138 305 425;B01;2;10;0;2;1;1;1;
201900000608;138 305 426;A01;1;10;0;2;1;5;1;
201900000609;138 305 424;A01;3;7;0;1;1;15;1;
201900000610;138 305 423;A01;2;2;1;0;1;1;6;
201900000611;138 305 422;A01;0;10;0;1;1;1;1;
201900000612;138 305 421;A01;3;33;2;0;1;0;1;
201900000613;138 305 419;A01;1;7;0;2;2;15;1;
201900000613;138 305 420;B01;2;1;0;2;1;1;5;
201900000614;138 305 417;A01;1;7;0;2;3;1;0;
201900000614;138 305 418;B01;2;7;0;2;3;1;0;
201900000615;138 305 416;A01;2;7;0;1;1;1;1;
201900000616;138 305 414;A01;1;7;0;2;3;1;1;
201900000616;138 305 415;B01;2;7;0;2;3;1;1;
201900000617;138 305 412;A01;3;33;0;2;1;5;1;
201900000617;138 305 413;B01;3;7;0;2;3;15;1;
201900000618;138 305 411;A01;1;7;0;1;1;17;1;
201900000619;138 305 410;A01;2;7;13;0;9;2;1;
201900000620;138 305 409;A01;0;7;2;0;3;0;1;
201900000621;138 305 408;A01;3;10;2;0;2;1;1;
201900000622;138 305 407;A01;0;10;12;0;0;1;1;
201900000623;138 305 406;A01;2;7;15;0;1;0;1;
201900000624;138 305 405;A01;2;30;0;0;9;1;1;
201900000625;138 305 404;A01;1;7;0;0;9;1;1;
201900000626;138 305 402;B01;2;2;0;2;7;19;1;
201900000626;138 305 403;A01;2;7;0;2;3;1;1;
201900000627;138 305 401;A01;1;7;5;0;2;1;1;
201900000628;138 305 399;B01;2;7;0;0;7;15;1;
201900000628;138 305 400;A01;1;2;0;2;1;1;1;
201900000629;138 305 396;C01;1;7;0;2;8;0;1;
201900000629;138 305 397;B01;2;7;0;2;3;0;1;
201900000629;138 305 398;A01;1;7;4;2;0;0;1;
201900000630;138 305 392;A01;1;10;0;2;2;13;1;
201900000630;138 305 393;B01;1;17;0;2;6;1;6;
201900000630;138 305 394;C01;1;7;0;2;1;1;1;
201900000630;138 305 395;D01;1;7;0;2;1;1;1;
201900000631;138 305 390;B01;1;7;13;2;6;1;1;
201900000631;138 305 391;A01;1;7;13;2;7;14;1;
201900000632;138 305 389;A01;3;7;13;0;0;1;1;
201900000633;138 305 387;B01;1;7;0;9;4;2;1;
201900000633;138 305 388;A01;1;2;0;2;4;2;1;
201900000634;138 305 385;A01;1;7;0;0;1;2;1;
201900000634;138 305 386;B01;1;1;0;0;4;2;6;
201900000635;138 305 384;A01;1;7;0;1;2;1;1;
201900000636;138 305 383;A01;1;13;0;1;2;21;1;
201900000637;138 305 382;A01;1;33;13;0;8;0;1;
201900000638;138 305 380;B01;2;33;0;2;1;1;1;
201900000638;138 305 381;A01;1;7;0;2;1;13;1;
201900000639;138 305 378;B01;3;2;0;2;1;13;1;
201900000639;138 305 379;A01;3;7;0;2;3;0;0;
201900000640;138 305 375;C01;2;7;0;2;1;1;0;
201900000640;138 305 376;B01;2;7;0;2;1;1;0;
201900000640;138 305 377;A01;1;15;0;0;6;10;0;
201900000641;138 305 373;B01;0;1;0;2;7;1;5;
201900000641;138 305 374;A01;0;7;0;2;1;1;1;
201900000642;138 305 372;A01;1;7;2;0;2;1;1;
201900000643;138 305 368;A01;2;7;0;2;7;15;1;
201900000643;138 305 369;B01;1;7;0;2;1;1;1;
201900000644;138 305 365;A01;3;7;0;2;2;1;1;
201900000644;138 305 366;B01;0;31;0;2;0;0;1;
201900000644;138 305 367;C01;3;33;0;2;0;0;1;
201900000645;138 305 362;A01;0;7;0;1;6;20;0;
201900000646;138 305 361;A01;0;7;2;0;1;0;6;
201900000647;138 305 359;A01;3;7;0;2;3;5;1;
201900000647;138 305 360;B01;3;7;0;2;3;1;1;
201900000648;138 305 357;A01;2;31;0;2;7;1;1;
201900000648;138 305 358;B01;2;7;0;2;8;13;1;
201900000649;138 305 355;B01;2;14;0;0;0;0;1;
201900000649;138 305 356;A01;2;7;0;0;0;0;1;
201900000650;138 305 350;B01;2;7;0;2;8;1;1;
201900000650;138 305 351;A01;2;14;0;2;1;12;1;
201900000651;138 305 349;A01;1;7;3;0;1;0;1;
201900000652;138 305 345;D01;1;7;0;2;4;2;1;
201900000652;138 305 346;C01;2;7;0;2;1;2;1;
201900000652;138 305 347;B01;1;7;0;2;4;2;1;
201900000652;138 305 348;A01;2;10;0;2;1;2;1;
201900000653;138 305 342;A01;2;7;0;2;1;2;1;
201900000653;138 305 343;B01;2;33;0;2;4;2;1;
201900000653;138 305 344;C01;2;7;0;2;4;2;1;
201900000654;138 305 339;C01;2;3;0;2;7;2;1;
201900000654;138 305 340;B01;2;3;0;2;1;2;1;
201900000654;138 305 341;A01;1;3;0;2;1;2;1;
201900000655;138 305 337;A01;2;7;0;2;8;13;1;
201900000655;138 305 338;B01;2;32;0;2;7;1;1;
201900000656;138 305 335;B01;1;7;0;2;4;2;1;
201900000656;138 305 336;A01;1;33;0;2;1;2;1;
201900000657;138 305 334;A01;2;32;0;0;2;2;1;
201900000658;138 305 332;A01;2;33;0;2;1;3;1;
201900000658;138 305 333;B01;2;7;0;2;6;11;1;
201900000659;138 305 330;A01;1;10;0;2;1;2;1;
201900000659;138 305 331;B01;1;7;0;2;4;2;1;
201900000660;138 305 326;B01;1;7;9;0;8;0;1;
201900000660;138 305 327;A01;1;7;4;0;1;26;1;
201900000661;138 305 324;B01;2;7;0;2;4;23;1;
201900000661;138 305 325;A01;2;7;1;0;1;2;1;
201900000662;138 305 321;C01;2;7;0;2;6;1;1;
201900000662;138 305 322;B01;2;7;0;2;7;1;1;
201900000662;138 305 323;A01;2;32;0;2;3;3;1;
201900000663;138 305 320;A01;2;7;2;0;9;14;1;
201900000664;138 305 318;B01;1;80;0;2;8;1;2;
201900000664;138 305 319;A01;1;14;0;2;2;16;1;
201900000665;138 305 316;A01;1;37;0;2;2;17;2;1
201900000665;138 305 317;B01;1;80;0;2;8;13;2;
201900000666;138 305 315;A01;2;7;0;1;3;1;1;
201900000667;138 305 314;A01;1;30;0;1;1;1;3;
201900000668;138 305 313;A01;1;7;0;1;4;4;1;
201900000669;138 305 311;A01;2;10;0;2;3;15;1;
201900000669;138 305 312;B01;1;1;0;2;8;1;5;
201900000670;138 305 309;A01;1;7;0;2;6;22;1;
201900000670;138 305 310;B01;1;1;0;2;1;17;5;
201900000671;138 305 308;A01;2;7;0;1;1;1;1;
201900000672;138 305 307;A01;2;7;0;1;2;15;1;
201900000673;138 305 305;B01;1;32;0;2;2;15;1;
201900000673;138 305 306;A01;1;7;0;2;4;14;1;
201900000674;138 305 304;A01;2;50;0;0;0;1;3;
201900000675;138 305 302;A01;2;31;0;2;0;1;1;
201900000675;138 305 303;Z01;2;80;0;2;8;14;2;
201900000676;138 305 300;A01;1;7;1;2;3;20;1;
201900000676;138 305 301;Z01;1;7;0;2;0;17;0;
201900000677;138 305 298;B01;1;7;0;2;2;16;1;
201900000677;138 305 299;A01;1;10;0;2;1;2;1;
201900000678;138 305 297;A01;2;1;0;0;1;1;5;
201900000679;138 305 295;B01;0;30;0;2;8;26;1;
201900000679;138 305 296;Z01;0;7;0;2;7;26;0;
201900000680;138 305 292;A01;2;37;0;1;7;20;1;1
201900000681;138 305 290;B01;0;7;0;2;4;1;1;
201900000681;138 305 291;A01;0;10;0;2;1;1;0;
201900000682;138 305 288;A01;2;7;0;2;6;2;1;
201900000682;138 305 289;B01;2;7;0;2;2;2;1;
201900000683;138 305 285;B01;2;7;0;2;1;1;1;
201900000683;138 305 286;A01;1;7;0;2;2;5;1;
201900000684;138 305 283;Y01;3;1;0;2;7;1;0;
201900000684;138 305 284;A01;1;7;0;2;2;1;1;
201900000685;138 305 281;A01;1;3;0;1;3;15;6;
201900000686;138 305 280;A01;3;7;4;0;3;11;1;
201900000687;138 305 279;A01;3;10;0;1;1;19;1;
201900000688;138 305 277;B01;3;7;0;2;3;9;1;
201900000688;138 305 278;A01;3;33;0;2;1;17;1;
201900000689;138 305 276;A01;3;30;15;0;1;21;1;
201900000690;138 305 274;B01;1;1;0;2;7;15;5;
201900000690;138 305 275;A01;1;7;0;2;3;15;0;
201900000691;138 305 272;A01;2;32;0;2;1;0;1;
201900000691;138 305 273;B01;2;7;0;2;3;15;1;
201900000692;138 305 270;B01;1;17;0;0;4;2;1;
201900000692;138 305 271;A01;1;7;0;2;1;2;1;
201900000693;138 305 267;A01;2;7;2;0;3;13;1;
201900000694;138 305 265;B01;2;7;0;2;1;1;1;
201900000694;138 305 266;A01;1;7;0;2;1;13;1;
201900000695;138 305 263;A01;2;10;0;2;3;1;1;
201900000695;138 305 264;B01;1;10;0;2;3;1;1;
201900000696;138 305 262;A01;1;7;4;0;3;13;1;
201900000697;138 305 260;B01;2;7;0;2;3;1;1;
201900000697;138 305 261;A01;2;7;0;2;1;26;1;
201900000698;138 305 259;A01;3;7;10;0;1;0;1;
201900000699;138 305 257;A01;1;33;0;2;2;2;1;
201900000699;138 305 258;B01;1;13;0;0;6;11;1;
201900000700;138 305 256;A01;2;7;2;0;1;1;1;
201900000701;138 305 254;B01;1;7;0;9;4;2;1;
201900000701;138 305 255;A01;1;1;0;2;1;2;5;
201900000702;138 305 253;A01;2;7;0;1;1;1;0;
201900000703;138 305 251;B01;2;7;0;2;2;1;1;
201900000703;138 305 252;A01;1;7;0;2;1;15;1;
201900000704;138 305 249;B01;3;7;0;2;2;1;0;
201900000704;138 305 250;A01;3;7;8;0;3;16;1;
201900000705;138 305 247;A01;1;7;0;2;2;17;0;
201900000705;138 305 248;B01;1;80;0;2;6;1;3;
201900000706;138 305 245;B01;2;7;0;2;3;0;1;
201900000706;138 305 246;A01;1;7;0;2;3;13;1;
201900000707;138 305 244;A01;2;7;13;0;3;0;1;
201900000708;138 305 242;A01;1;1;0;2;7;12;5;
201900000708;138 305 243;B01;1;33;15;2;8;1;1;
201900000709;138 305 241;A01;2;7;0;0;3;0;1;
201900000710;138 305 240;A01;2;7;0;1;1;1;0;
201900000711;138 305 239;A01;2;2;0;0;0;26;1;
201900000712;138 305 238;A01;3;7;0;1;4;4;3;
201900000713;138 305 237;A01;1;10;8;0;2;1;1;
201900000714;138 305 236;A01;3;31;12;0;7;1;1;
201900000715;138 305 235;A01;2;7;13;6;1;1;1;
201900000716;138 305 233;B01;1;7;0;2;1;1;1;
201900000716;138 305 234;A01;2;7;0;2;1;15;1;
201900000717;138 305 231;B01;1;1;0;2;1;15;5;
201900000717;138 305 232;A01;1;7;0;9;2;17;1;
201900000718;138 305 230;A01;2;2;0;0;2;1;1;
201900000719;138 305 228;A01;2;7;0;2;1;12;1;
201900000719;138 305 229;B01;2;7;5;0;4;1;1;
201900000720;138 305 226;A01;2;7;0;0;8;10;1;
201900000720;138 305 227;B01;2;33;0;0;7;17;1;
201900000721;138 305 221;D01;2;7;0;0;0;1;1;
201900000721;138 305 222;C01;2;7;0;2;1;1;1;
201900000721;138 305 223;B01;2;7;0;2;4;1;1;
201900000721;138 305 224;A01;2;7;0;2;1;1;1;
201900000722;138 305 219;B01;2;33;0;0;4;15;0;
201900000722;138 305 220;A01;2;10;0;2;1;2;0;
201900000723;138 305 217;B01;2;10;0;0;2;0;1;
201900000723;138 305 218;A01;2;7;0;2;4;1;1;
201900000724;138 305 216;A01;1;0;0;1;0;0;0;
201900000725;138 305 214;A01;2;7;0;9;1;15;1;
201900000725;138 305 215;B01;1;2;0;2;8;15;1;
201900000726;138 305 212;A01;2;7;0;2;7;1;1;
201900000726;138 305 213;B01;1;7;0;2;1;1;1;
201900000727;138 305 211;A01;1;10;2;0;7;1;0;
201900000728;138 305 209;B01;2;7;0;0;3;15;1;
201900000728;138 305 210;A01;1;7;0;2;1;1;1;
201900000729;138 305 208;A01;3;7;0;1;1;20;1;
201900000730;138 305 206;B01;2;7;0;0;8;1;1;
201900000730;138 305 207;A01;1;7;0;2;3;21;1;
201900000731;138 305 205;A01;0;7;0;1;1;1;1;
201900000732;138 305 203;A01;3;7;0;0;7;15;1;
201900000732;138 305 204;B01;3;2;0;2;2;1;1;
201900000733;138 305 201;A01;3;37;0;6;3;1;1;1
201900000733;138 305 202;B01;3;1;0;2;1;19;5;
201900000734;138 305 195;A01;3;7;1;0;1;1;1;
201900000735;138 305 193;B01;3;1;0;0;0;0;5;
201900000735;138 305 194;A01;3;7;0;2;1;1;1;
201900000736;138 305 190;B01;3;7;0;2;3;1;1;
201900000736;138 305 191;A01;3;7;0;2;3;1;1;
201900000737;138 305 189;A01;3;7;0;1;3;1;1;
201900000738;138 305 188;A01;1;7;0;1;1;1;1;
201900000739;138 305 186;A01;1;31;1;0;1;13;2;
201900000739;138 305 187;C01;1;36;0;2;4;1;1;
201900000740;138 305 184;A01;1;7;0;2;2;19;1;
201900000740;138 305 185;B01;2;1;0;2;8;1;5;
201900000741;138 305 182;A01;1;7;0;2;0;1;1;
201900000741;138 305 183;B01;1;33;0;2;0;0;1;
201900000742;138 305 181;Z01;1;7;0;1;0;0;1;
201900000743;138 305 180;A01;2;7;13;0;3;13;1;
201900000744;138 305 178;A01;0;2;0;2;1;1;1;
201900000744;138 305 179;B01;0;7;0;2;5;15;1;
201900000745;138 305 173;A01;2;7;0;2;1;1;1;
201900000745;138 305 174;B01;2;7;0;2;4;1;1;
201900000745;138 305 175;C01;2;7;0;2;4;1;1;
201900000745;138 305 176;D01;2;7;0;2;4;1;1;
201900000745;138 305 177;E01;2;7;0;2;4;1;1;
201900000746;138 305 171;A01;1;7;0;2;2;1;0;
201900000746;138 305 172;B01;1;2;0;2;1;1;0;
201900000747;138 305 169;A01;1;30;0;2;1;1;1;
201900000747;138 305 170;B01;2;7;0;2;1;1;1;
201900000748;138 305 168;A01;2;7;0;1;1;16;1;
201900000749;138 305 166;B01;0;31;0;2;0;0;1;
201900000749;138 305 167;A01;0;7;0;2;1;26;1;
201900000750;138 305 164;A01;1;7;0;2;1;1;1;
201900000750;138 305 165;B01;1;1;0;2;1;19;5;
201900000751;138 305 163;A01;3;7;0;1;1;26;1;
201900000752;138 305 161;B01;1;33;0;6;1;1;1;
201900000752;138 305 162;A01;1;10;0;0;0;17;1;
201900000753;138 305 160;A01;3;7;0;1;1;1;1;
201900000754;138 305 158;A01;2;7;0;2;1;1;1;
201900000754;138 305 159;B01;1;7;0;2;4;1;0;
201900000755;138 305 156;B01;1;7;0;2;6;1;0;
201900000755;138 305 157;A01;1;7;0;2;1;1;1;
201900000756;138 305 155;A01;3;2;0;1;1;9;1;
201900000757;138 305 153;A01;3;7;0;2;1;9;1;
201900000757;138 305 154;B01;3;31;0;2;7;1;1;
201900000758;138 305 151;B01;1;7;0;2;7;16;1;
201900000758;138 305 152;A01;3;30;15;2;1;26;1;
201900000759;138 305 150;A01;1;7;0;1;1;9;1;
201900000760;138 305 148;B01;2;7;0;2;3;1;1;
201900000760;138 305 149;A01;2;60;0;2;7;19;5;
201900000761;138 305 147;A01;1;33;0;1;1;1;1;
201900000762;138 305 145;B01;2;34;0;2;7;0;1;
201900000762;138 305 146;A01;2;7;0;2;2;9;1;
201900000763;138 305 143;A01;1;7;0;2;2;15;1;
201900000763;138 305 144;B01;2;33;0;2;1;1;1;
201900000764;138 305 141;A01;1;1;0;2;8;1;5;
201900000764;138 305 142;Z01;1;7;0;2;7;1;0;
201900000765;138 305 140;A01;1;1;1;0;1;1;5;
201900000766;138 305 138;A01;0;2;0;2;1;1;1;
201900000766;138 305 139;B01;0;7;0;2;6;1;1;
201900000767;138 305 137;A01;2;30;0;0;0;0;1;
201900000768;138 305 135;A01;1;30;0;0;1;1;0;
201900000768;138 305 136;B01;1;32;0;2;3;1;1;
201900000769;138 305 133;A01;2;30;0;2;1;1;1;
201900000769;138 305 134;B01;1;10;0;2;3;1;1;
201900000770;138 305 132;A01;1;2;8;0;1;1;1;
201900000771;138 305 130;B01;2;7;0;2;2;15;1;
201900000771;138 305 131;A01;1;1;0;2;1;1;5;
201900000772;138 305 128;A01;2;7;0;2;1;9;1;
201900000772;138 305 129;B01;1;7;0;2;6;1;1;
201900000773;138 305 126;A01;2;7;0;2;7;15;1;
201900000773;138 305 127;B01;2;30;0;2;1;1;1;
201900000774;138 305 124;A01;1;1;0;2;0;1;5;
201900000774;138 305 125;B01;2;1;0;2;1;15;0;
201900000775;138 305 122;A01;3;7;0;2;1;13;1;
201900000775;138 305 123;B01;0;7;0;2;1;1;1;
201900000776;138 305 118;B01;3;33;0;0;0;0;1;
201900000776;138 305 119;A01;3;7;0;2;7;15;1;
201900000777;138 305 116;B01;1;2;0;2;1;16;1;
201900000777;138 305 117;A01;2;7;0;2;2;1;1;
201900000778;138 305 114;B01;1;7;0;0;4;1; -1;
201900000778;138 305 115;A01;1;33;0;2;1;1;1;
201900000779;138 305 112;Z01;1;7;0;2;2;1;1;
201900000779;138 305 113;B01;1;1;0;2;8;1;5;
201900000780;138 305 110;B01;1;34;0;2;1;1;1;
201900000780;138 305 111;A01;1;7;0;2;7;15;1;
201900000781;138 305 108;A01;1;7;0;2;2;26;1;
201900000781;138 305 109;B01;2;7;0;2;1;1;1;
201900000782;138 305 106;A01;1;33;0;2;1;26;1;
201900000782;138 305 107;B01;2;7;0;6;8;26;1;
201900000783;138 305 104;A01;2;7;0;2;2;1;1;
201900000783;138 305 105;B01;2;7;0;2;1;9;1;
201900000784;138 305 102;B01;2;7;0;2;4;26;1;
201900000784;138 305 103;A01;2;7;0;2;1;1;1;
201900000785;138 305 100;B01;2;33;0;2;1;0;1;
201900000785;138 305 101;A01;2;10;0;2;3;11;1;
201900000786;138 305 097;C01;0;7;0;2;4;2;1;
201900000786;138 305 098;B01;0;7;0;2;4;2;1;
201900000786;138 305 099;A01;0;7;0;2;1;2;1;
201900000787;138 305 095;B01;3;7;0;2;6;15;1;
201900000787;138 305 096;A01;0;30;0;2;1;1;1;
201900000788;138 305 094;A01;1;2;0;0;8;1;1;
201900000789;138 305 092;A01;1;7;0;2;3;9;1;
201900000789;138 305 093;B01;3;33;0;2;0;0;1;
201900000790;138 305 091;A01;2;7;0;1;0;1;1;
201900000791;138 305 088;A01;1;33;0;2;1;17;1;
201900000791;138 305 089;B01;1;34;0;2;1;2;1;
201900000791;138 305 090;C01;1;7;0;2;3;2;1;
201900000792;138 305 086;A01;1;30;0;2;1;0;0;
201900000792;138 305 087;Z01;2;7;0;2;0;0;0;
201900000793;138 305 083;A01;1;7;0;2;1;16;1;
201900000793;138 305 084;B01;3;1;0;2;7;19;5;
201900000794;138 305 082;A01;1;33;12;0;1;17;1;
201900000795;138 305 080;A01;1;2;0;2;8;15;1;
201900000795;138 305 081;B01;1;7;0;2;2;1;1;
201900000796;138 305 078;A01;1;30;0;2;7;17;1;
201900000796;138 305 079;B01;1;7;0;2;8;1;1;
201900000797;138 305 076;A01;2;7;0;2;3;11;1;
201900000797;138 305 077;B01;2;34;4;2;2;1;1;
201900000798;138 305 074;B01;2;7;0;2;5;1;1;
201900000798;138 305 075;A01;2;33;0;2;3;13;1;
201900000799;138 305 071;A01;1;31;0;2;1;3;1;
201900000799;138 305 072;B01;1;7;0;2;6;1;1;
201900000799;138 305 073;C01;1;7;0;2;2;1;1;
201900000800;138 305 069;B01;1;32;0;2;4;18;1;
201900000800;138 305 070;A01;1;7;0;2;1;16;1;
201900000801;138 305 067;B01;1;7;0;2;2;1;1;
201900000801;138 305 068;A01;2;32;0;2;1;1;1;
201900000802;138 305 065;A01;1;10;0;2;1;15;1;
201900000802;138 305 066;B01;2;32;0;2;1;1;1;
201900000803;138 305 064;A01;1;30;14;0;1;13;1;
201900000804;138 305 063;A01;2;32;0;1;1;1;1;
201900000805;138 305 061;B01;1;7;0;2;2;15;1;
201900000805;138 305 062;A01;3;30;0;2;7;1;3;
201900000806;138 305 056;B01;2;7;0;2;2;4;1;
201900000806;138 305 057;A01;2;34;0;2;3;2;1;
201900000807;138 305 054;A01;1;1;0;2;4;7;5;
201900000807;138 305 055;Z01;1;10;0;2;1;7;0;
201900000808;138 305 052;B01;2;30;0;2;7;1;1;
201900000808;138 305 053;A01;2;38;0;2;8;13;1;1
201900000809;138 305 050;B01;1;50;0;2;4;13;3;
201900000809;138 305 051;A01;1;32;0;2;1;17;1;
201900000810;138 305 049;B01;1;1;1;0;1;1;5;
201900000811;138 305 048;A01;1;30;0;0;0;1;1;
201900000812;138 305 046;A01;2;1;0;2;1;1;5;
201900000812;138 305 047;Z01;2;7;0;2;8;22;1;
201900000813;138 305 045;A01;2;3;11;0;1;1;1;
201900000814;138 305 043;A01;1;7;0;2;7;1;1;
201900000814;138 305 044;B01;2;7;0;2;1;1;2;
201900000815;138 305 042;A01;1;1;0;1;1;7;5;
201900000816;138 305 040;Z01;1;7;0;2;0;0;0;
201900000816;138 305 041;A01;1;33;0;2;1;21;1;
201900000817;138 305 038;A01;2;50;0;2;0;2;3;
201900000817;138 305 039;B01;2;32;0;2;0;2;1;
201900000818;138 305 037;A01;1;37;0;1;2;2;1;1
201900000819;138 305 035;B01;0;13;0;2;3;15;0;
201900000819;138 305 036;A01;0;32;0;2;1;1;1;
201900000820;138 305 033;A01;2;10;0;2;7;15;1;
201900000820;138 305 034;B01;1;33;0;2;7;1;1;
201900000821;138 305 032;A01;2;7;0;1;2;1;1;
201900000822;138 305 031;A01;1;20;0;1;3;1;1;
201900000823;138 305 029;A01;1;33;1;0;2;9;1;
201900000823;138 305 030;C01;3;7;0;2;0;0;1;
201900000824;138 305 027;A01;1;7;0;6;1;1;0;
201900000824;138 305 028;B01;2;1;0;2;1;1;5;
201900000825;138 305 025;B01;1;7;0;2;2;1;1;
201900000825;138 305 026;A01;1;7;0;2;0;0;1;
201900000826;138 305 023;B01;3;31;0;2;1;1;1;
201900000826;138 305 024;A01;3;7;0;2;8;15;1;
201900000827;138 305 021;A01;3;7;0;2;1;2;0;
201900000827;138 305 022;B01;3;7;0;2;4;2;1;
201900000828;138 305 019;B01;1;7;0;2;8;15;1;
201900000828;138 305 020;A01;1;33;0;2;1;17;1;
201900000829;138 305 017;A01;3;30;0;2;2;9;1;
201900000829;138 305 018;B01;3;7;0;2;1;9;1;
201900000830;138 305 016;A01;3;7;0;1;2;16;1;
201900000831;138 305 014;A01;1;7;0;2;5;15;1;
201900000831;138 305 015;B01;2;30;0;2;1;7;1;
201900000832;138 305 013;A01;2;7;8;0;3;1;1;
201900000833;138 305 012;A01;2;34;0;1;1;26;1;
201900000834;138 305 011;A01;3;34;0;1;1;1;1;
201900000835;138 305 009;B01;3;7;0;2;2;1;1;
201900000835;138 305 010;A01;3;80;0;2;2;15;3;
201900000836;138 305 008;A01;3;7;0;1;1;1;0;
201900000837;138 305 007;A01;1;7;0;1;2;0;1;
201900000838;138 305 006;A01;1;7;0;1;2;15;0;
201900000839;138 305 005;A01;0;7;0;0;0;16;0;
201900000840;138 305 003;B01;1;7;0;2;6;9;1;
201900000840;138 305 004;A01;1;7;0;2;1;9;1;
201900000841;138 305 001;A01;1;7;0;2;2;17;1;
201900000841;138 305 002;B01;1;1;0;2;3;1;5;
201900000842;138 304 999;B01;3;32;0;2;8;1;1;
201900000842;138 305 000;A01;3;7;0;2;2;15;1;
201900000843;138 304 998;A01;0;0;0;1;0;0; -1;
201900000844;138 304 996;A01;3;7;0;2;5;25;1;
201900000844;138 304 997;B01;3;7;0;2;2;1;1;
201900000845;138 304 995;A01;1;3;0;1;1;26;0;
201900000846;138 304 993;A01;3;1;0;1;1;1;5;
201900000846;138 304 994;Y01;3;0;0;6;1;1;5;
201900000847;138 304 990;A01;2;7;0;2;8;14;1;
201900000847;138 304 991;B01;2;7;0;2;7;14;1;
201900000847;138 304 992;C01;1;17;0;1;8;15;0;
201900000848;138 304 987;Y01;3;0;0;0;0;0;0;
201900000848;138 304 988;B01;3;37;0;1;5;0;1;1
201900000848;138 304 989;A01;3;7;0;1;2;1;1;
201900000849;138 304 986;A01;1;7;0;1;1;26;1;
201900000850;138 304 983;A01;1;33;0;0;8;1;1;