Num_Acc;id_vehicule;num_veh;senc;catv;obs;obsm;choc;manv;motor;occutc
201900001657;138 303 457;B01;3;1;0;2;0;1;5;
201900001657;138 303 458;A01;2;10;0;6;1;1;1;
201900001658;138 303 455;A01;1;2;0;2;1;1;1;
201900001658;138 303 456;B01;2;21;0;2;3;1;1;
201900001659;138 303 454;A01;2;7;4;0;1;16;0;
201900001660;138 303 450;B01;2;15;0;0;4;26;6;
201900001660;138 303 452;C01;2;7;14;1;1;0;1;
201900001660;138 303 453;A01;2;7;7;0;3;1;1;
201900001661;138 303 448;A01;2;7;0;2;2;1;1;
201900001661;138 303 449;B01;2;7;0;2;3;19;1;
201900001662;138 303 447;A01;3;2;0;0;0;1;1;
201900001663;138 303 445;A01;3;7;0;2;1;2;0;
201900001663;138 303 446;B01;3;7;0;0;4;16;0;
201900001664;138 303 451;A01;1;30;0;2;0;0;0;
201900001665;138 303 443;B01;2;7;0;0;4;2;0;
201900001665;138 303 444;A01;2;10;0;2;1;2;0;
201900001666;138 303 441;A01;1;10;0;2;3;26;1;
201900001666;138 303 442;B01;1;2;0;2;1;9;1;
201900001667;138 303 440;A01;1;7;0;1;2;1;2;
201900001668;138 303 439;A01;3;30;0;0;1;2;1;
201900001669;138 303 438;A01;3;7;0;1;1;1;1;
201900001670;138 303 436;A01;3;33;12;0;8;2;1;
201900001670;138 303 437;B01;3;10;0;0;0;2;1;
201900001671;138 303 435;A01;1;7;2;0;1;1;1;
201900001672;138 303 433;A01;1;7;0;2;4;26;1;
201900001672;138 303 434;B01;1;7;0;2;0;0;1;
201900001673;138 303 432;A01;0;13;0;1;6;4;1;
201900001674;138 303 427;A01;3;7;0;2;2;19;1;
201900001674;138 303 429;B01;3;32;0;2;3;1;1;
201900001675;138 303 428;C01;3;7;0;2;1;1;1;
201900001675;138 303 430;B01;3;7;0;2;1;1;1;
201900001675;138 303 431;A01;3;7;0;2;1;5;1;
201900001676;138 303 425;B01;3;7;0;2;3;1;1;
201900001676;138 303 426;A01;3;7;0;2;3;13;1;
201900001677;138 303 424;A01;3;10;3;0;1;12;0;
201900001678;138 303 423;A01;0;7;2;0;5;13;1;
201900001679;138 303 421;A01;1;7;0;1;2;1;0;
201900001680;138 303 420;A01;1;33;0;2;1;2;1;
201900001680;138 303 422;B01;1;7;0;2;3;20;1;
201900001681;138 303 416;A01;1;33;0;2;4;2;0;
201900001681;138 303 418;B01;1;7;0;2;1;2;0;
201900001682;138 303 414;A01;1;7;11;0;1;1;1;
201900001683;138 303 413;B01;1;7;0;0;4;1;1;
201900001683;138 303 415;A01;1;7;0;2;1;1;1;
201900001684;138 303 410;B01;2;7;0;0;4;1;1;
201900001684;138 303 412;A01;2;7;1;0;1;1;1;
201900001685;138 303 407;A01;3;7;0;2;6;4;0;
201900001685;138 303 408;B01;3;32;0;2;1;1;0;
201900001686;138 303 409;A01;2;7;0;9;3;11;1;
201900001686;138 303 411;B01;1;33;0;2;1;1;1;
201900001687;138 303 405;A01;0;7;0;2;2;2;1;
201900001687;138 303 406;B01;0;7;0;0;6;2;1;
201900001688;138 303 403;B01;1;34;0;2;1;1;1;
201900001688;138 303 404;A01;2;7;0;2;5;15;1;
201900001689;138 303 399;B01;0;34;0;2;2;17;1;
201900001689;138 303 401;A01;0;7;0;2;6;6;1;
201900001690;138 303 400;A01;0;99;0;2;2;19;1;
201900001690;138 303 402;B01;0;99;0;2;1;15;1;
201900001691;138 303 396;A01;0;7;0;2;2;16;1;
201900001691;138 303 398;B01;0;34;0;2;8;16;1;
201900001692;138 303 395;B01;3;10;1;2;6;0;1;
201900001692;138 303 397;A01;2;10;1;0;2;14;1;
201900001693;138 303 394;A01;1;33;6;0;1;1;1;
201900001694;138 303 393;A01;1;7;1;0;2;0;1;
201900001695;138 303 391;B01;0;33;0;2;1;1;0;
201900001695;138 303 392;A01;0;7;0;0;6;1;0;
201900001696;138 303 388;B01;1;99;0;2;1;13;1;
201900001696;138 303 390;A01;1;7;0;2;3;9;1;
201900001697;138 303 387;A01;1;7;0;2;5;15;1;
201900001697;138 303 389;B01;2;33;0;2;2;1;1;
201900001698;138 303 385;A01;2;7;1;2;2;13;0;
201900001698;138 303 386;B01;3;7;0;2;3;0;0;
201900001699;138 303 384;A01;1;33;3;0;1;1;1;
201900001700;138 303 382;A01;2;10;0;1;1;19;1;
201900001701;138 303 383;A01;0;7;13;0;2;1;1;
201900001702;138 303 380;B01;3;30;0;2;1;2;1;
201900001702;138 303 381;A01;3;7;0;2;4;23;1;
201900001703;138 303 379;A01;1;7;2;0;0;1;1;
201900001704;138 303 376;A01;2;7;10;0;9;16;1;
201900001705;138 303 377;I01;1;7;14;2;1;2;1;
201900001705;138 303 378;A01;1;7;0;2;4;2;1;
201900001706;138 303 374;A01;2;43;0;2;0;17;0;
201900001707;138 303 373;B01;1;33;0;2;3;13;0;
201900001707;138 303 375;A01;2;7;0;2;3;0;2;
201900001708;138 303 372;A01;2;34;0;1;1;26;1;
201900001709;138 303 370;A01;3;7;0;2;3;1;1;
201900001709;138 303 371;B01;3;36;0;2;1;1;1;
201900001710;138 303 368;A01;3;10;0;6;1;20;1;
201900001710;138 303 369;B01;3;99;0;2;8;25;0;
201900001711;138 303 367;A01;1;38;3;0;7;9;1;2
201900001712;138 303 366;A01;1;3;0;1;3;26;6;
201900001713;138 303 365;A01;2;31;0;0;7;1;0;
201900001714;138 303 363;A01;2;7;10;0;3;13;1;
201900001715;138 303 361;A01;1;7;0;2;1;21;1;
201900001715;138 303 362;B01;1;7;0;2;6;16;1;
201900001715;138 303 364;C01;1;7;0;2;7;16;1;
201900001716;138 303 358;B01;1;7;0;2;1;9;1;
201900001716;138 303 359;A01;2;7;0;2;5;9;1;
201900001717;138 303 356;B01;1;7;4;2;6;1;0;
201900001717;138 303 357;A01;1;15;0;2;2;1;6;
201900001718;138 303 353;A01;1;7;0;2;1;2;1;
201900001718;138 303 354;B01;1;15;0;0;4;2;1;
201900001719;138 303 352;A01;1;34;0;0;8;17;1;
201900001720;138 303 355;B01;1;2;0;2;5;2;1;
201900001721;138 303 351;A01;1;33;0;0;7;1;6;
201900001722;138 303 349;B01;1;33;0;2;1;21;1;
201900001722;138 303 350;A01;1;7;0;2;6;11;1;
201900001723;138 303 346;C01;2;7;0;2;7;13;1;
201900001723;138 303 347;B01;2;7;0;2;6;23;1;
201900001723;138 303 348;A01;2;32;0;2;2;3;1;
201900001724;138 303 344;B01;2;7;0;2;8;15;1;
201900001724;138 303 345;A01;2;33;0;2;2;17;1;
201900001725;138 303 342;A01;3;7;0;2;1;16;1;
201900001725;138 303 343;B01;3;50;0;2;1;1;3;
201900001726;138 303 340;A01;2;30;0;2;1;17;1;
201900001726;138 303 341;B01;2;7;0;2;3;15;1;
201900001727;138 303 339;A01;1;7;0;6;1;1;1;
201900001728;138 303 336;A01;0;7;0;1;3;15;1;
201900001729;138 303 335;A01;0;33;13;0;0;13;1;
201900001730;138 303 333;A01;1;2;0;2;1;1;1;
201900001730;138 303 334;B01;2;7;0;2;8;1;1;
201900001731;138 303 332;A01;1;7;6;2;1;0;1;
201900001732;138 303 330;A01;2;7;0;2;2;15;1;
201900001732;138 303 331;B01;1;31;0;2;1;1;1;
201900001733;138 303 328;B01;1;7;0;2;3;1;6;
201900001733;138 303 329;A01;2;7;0;2;3;13;6;
201900001734;138 303 327;A01;3;7;12;0;1;9;1;
201900001735;138 303 326;A01;1;7;6;0;1;6;0;
201900001736;138 303 324;B01;2;1;0;2;3;13;5;
201900001736;138 303 325;A01;1;7;0;9;3;1;1;
201900001737;138 303 322;B01;2;1;0;2;2;26;0;
201900001737;138 303 323;A01;1;7;0;9;3;26;0;
201900001738;138 303 320;A01;2;7;0;9;7;19;1;
201900001738;138 303 321;B01;1;1;0;2;1;1;5;
201900001739;138 303 319;A01;2;7;4;0;3;13;1;
201900001740;138 303 318;A01;1;1;16;0;8;14;5;
201900001741;138 303 317;A01;1;33;16;0;0;1;1;
201900001742;138 303 316;A01;1;31;13;0;1;1;3;
201900001743;138 303 311;A01;1;7;3;2;6;26;1;
201900001743;138 303 312;B01;1;7;0;2;1;2;1;
201900001743;138 303 313;C01;1;7;0;2;1;2;1;
201900001744;138 303 309;B01;1;0;0;2;4;1; -1;
201900001744;138 303 310;A01;1;7;0;2;1;2;1;
201900001745;138 303 307;B01;2;33;0;2;7;1;1;
201900001745;138 303 308;A01;2;10;0;2;8;11;1;
201900001746;138 303 305;B01;2;7;0;2;4;23;1;
201900001746;138 303 306;A01;2;34;0;2;1;2;1;
201900001747;138 303 304;A01;3;33;8;0;0;1;1;
201900001748;138 303 302;A01;1;15;0;2;6;1;1;
201900001748;138 303 303;B01;2;7;0;2;3;1;1;
201900001749;138 303 301;A01;2;7;0;0;2;14;1;
201900001750;138 303 297;A01;1;7;0;0;0;1;1;
201900001750;138 303 298;B01;1;7;14;0;4;23;1;
201900001750;138 303 299;C01;1;7;0;2;4;1;1;
201900001750;138 303 300;D01;1;7;0;2;1;1;1;
201900001751;138 303 296;A01;0;32;2;0;1;0;1;
201900001752;138 303 295;A01;3;7;13;0;3;1;1;
201900001753;138 303 294;A01;2;7;0;1;2;1;1;
201900001754;138 303 292;B01;3;1;0;2;1;19;5;
201900001754;138 303 293;A01;0;7;0;9;2;1;0;
201900001755;138 303 291;A01;0;31;0;0;0;0;1;
201900001756;138 303 290;A01;0;2;0;1;1;1;1;
201900001757;138 303 288;B01;2;2;0;2;1;2;1;
201900001757;138 303 289;A01;2;2;0;0;4;0;1;
201900001758;138 303 287;A01;0;7;0;1;2;16;0;
201900001759;138 303 286;A01;3;7;0;1;1;1;1;
201900001760;138 303 284;A01;2;7;0;2;3;15;1;
201900001760;138 303 285;B01;1;33;0;2;8;1;1;
201900001761;138 303 282;A01;2;33;0;2;1;5;1;
201900001761;138 303 283;B01;1;7;0;2;2;15;1;
201900001762;138 303 281;A01;1;7;10;0;1;1;1;
201900001763;138 303 279;A01;2;7;0;2;7;13;0;
201900001763;138 303 280;B01;1;7;0;2;1;1;1;
201900001764;138 303 278;A01;0;7;13;0;2;0;1;
201900001765;138 303 276;A01;1;30;0;2;1;1;1;
201900001765;138 303 277;B01;1;7;0;0;7;26;1;
201900001766;138 303 275;A01;3;50;0;0;0;1;3;
201900001767;138 303 273;B01;1;33;0;2;8;1;1;
201900001767;138 303 274;A01;2;7;0;2;3;15;1;
201900001768;138 303 271;A01;1;7;0;2;1;2;1;
201900001768;138 303 272;B01;1;7;0;0;4;23;1;
201900001769;138 303 270;A01;3;7;0;1;3;16;1;
201900001770;138 303 268;B01;1;7;0;2;1;1;1;
201900001770;138 303 269;A01;2;7;0;2;2;13;0;
201900001771;138 303 266;B01;1;33;0;2;1;1;1;
201900001771;138 303 267;A01;2;7;0;9;1;17;1;
201900001772;138 303 264;B01;1;17;0;2;6;1;1;
201900001772;138 303 265;A01;1;7;0;2;2;17;1;
201900001773;138 303 261;C01;1;7;0;2;4;1;1;
201900001773;138 303 262;B01;1;7;0;2;4;1;1;
201900001773;138 303 263;A01;1;7;0;2;1;1;1;
201900001774;138 303 259;B01;1;10;0;2;3;2;1;
201900001774;138 303 260;A01;1;10;0;2;5;12;1;
201900001775;138 303 258;A01;2;7;4;0;2;14;1;
201900001776;138 303 256;B01;1;7;3;2;4;1;1;
201900001776;138 303 257;Z01;1;0;4;2;1;2;0;
201900001777;138 303 254;B01;2;33;0;2;1;3;1;
201900001777;138 303 255;A01;2;10;0;2;2;12;1;
201900001778;138 303 251;A01;1;7;0;2;1;1;1;
201900001778;138 303 252;B01;1;7;0;2;4;1;1;
201900001778;138 303 253;C01;1;7;0;2;4;1;1;
201900001779;138 303 249;A01;1;7;0;2;2;12;1;
201900001779;138 303 250;B01;1;33;0;2;6;1;1;
201900001780;138 303 245;D01;2;7;0;2;4;2;1;
201900001780;138 303 246;C01;2;7;0;2;4;2;1;
201900001780;138 303 247;B01;2;7;0;2;4;2;1;
201900001780;138 303 248;A01;2;10;0;2;1;2;1;
201900001781;138 303 243;A01;1;7;1;0;1;2;1;
201900001781;138 303 244;B01;1;7;0;2;4;23;1;
201900001782;138 303 241;A01;1;31;0;2;1;3;1;
201900001782;138 303 242;B01;1;10;0;2;4;11;1;
201900001783;138 303 239;A01;2;7;0;2;6;11;1;
201900001783;138 303 240;B01;2;33;0;2;1;1;1;
201900001784;138 303 237;A01;1;7;0;2;5;12;1;
201900001784;138 303 238;B01;1;33;0;2;1;3;1;
201900001785;138 303 236;A01;1;33;0;0;9;21;1;
201900001786;138 303 234;B01;1;7;0;2;5;1;1;
201900001786;138 303 235;A01;1;7;0;2;1;1;1;
201900001787;138 303 231;A01;2;33;0;2;1;3;1;
201900001787;138 303 232;B01;2;7;0;2;3;1;1;
201900001787;138 303 233;C01;2;7;0;2;5;1;1;
201900001788;138 303 228;A01;2;7;0;2;4;23;1;
201900001788;138 303 229;C01;2;10;0;2;7;1;1;
201900001788;138 303 230;B01;2;32;0;2;1;12;1;
201900001789;138 303 226;B01;2;7;0;2;2;0;0;
201900001789;138 303 227;A01;2;32;0;2;3;0;0;
201900001790;138 303 224;A01;2;7;0;2;1;26;1;
201900001790;138 303 225;B01;2;7;0;2;4;0;1;
201900001791;138 303 221;C01;2;7;0;2;1;2;1;
201900001791;138 303 222;B01;2;10;0;2;4;2;1;
201900001791;138 303 223;A01;2;10;0;2;4;2;1;
201900001792;138 303 216;A01;2;7;0;2;1;15;1;
201900001792;138 303 217;B01;1;1;0;2;1;1;5;
201900001793;138 303 214;B01;1;7;0;2;1;1;1;
201900001793;138 303 215;A01;1;7;0;2;6;15;1;
201900001794;138 303 212;B01;2;14;3;0;1;1;1;
201900001794;138 303 213;A01;2;7;14;0;2;12;1;
201900001795;138 303 209;C01;1;7;0;2;3;1;2;
201900001795;138 303 210;B01;1;10;0;2;3;1;1;
201900001795;138 303 211;A01;1;7;0;2;1;1;1;
201900001796;138 303 208;A01;1;7;4;0;1;1;1;
201900001797;138 303 207;A01;1;7;0;2;7;1;1;
201900001798;138 303 205;B01;1;7;0;2;2;1;1;
201900001798;138 303 206;A01;1;7;0;2;3;1;0;
201900001799;138 303 202;A01;1;7;0;2;1;16;0;
201900001799;138 303 203;B01;2;10;0;2;5;0;0;
201900001799;138 303 204;C01;1;7;0;2;1;1;0;
201900001800;138 303 199;A01;1;37;0;1;1;1;1;1
201900001801;138 303 198;A01;1;3;0;1;1;15;1;
201900001802;138 303 196;A01;3;7;0;9;3;16;1;
201900001802;138 303 197;B01;1;7;0;2;8;1;1;
201900001803;138 303 194;B01;1;7;0;2;1;1;1;
201900001803;138 303 195;A01;2;32;0;2;1;1;3;
201900001804;138 303 193;A01;3;7;0;1;2;26;1;
201900001805;138 303 188;A01;3;7;0;2;3;13;1;
201900001805;138 303 189;B01;3;7;0;2;3;1;1;
201900001805;138 303 190;C01;3;7;0;2;3;1;1;
201900001806;138 303 186;B01;2;33;0;2;3;1;1;
201900001806;138 303 187;A01;2;7;0;2;8;15;1;
201900001807;138 303 185;A01;3;10;0;1;3;6;1;
201900001808;138 303 184;A01;3;30;0;0;0;16;1;
201900001809;138 303 181;A01;0;7;0;1;2;15;1;
201900001810;138 303 179;B01;3;7;0;2;5;23;1;
201900001810;138 303 180;A01;3;7;0;2;3;11;1;
201900001811;138 303 172;C01;3;7;0;2;3;1;1;
201900001811;138 303 173;A01;3;7;0;2;6;1;1;
201900001811;138 303 174;B01;2;7;0;2;1;1;1;
201900001812;138 303 168;A01;1;7;0;2;1;13;1;
201900001812;138 303 169;B01;0;3;0;2;0;0;1;
201900001813;138 303 167;A01;2;10;0;0;8;1;3;
201900001814;138 303 165;A01;1;7;0;2;4;26;1;
201900001814;138 303 166;B01;1;1;0;2;1;1;5;
201900001815;138 303 163;B01;0;7;0;2;4;1;1;
201900001815;138 303 164;A01;1;7;0;2;1;2;1;
201900001816;138 303 161;B01;2;30;0;2;1;1;1;
201900001816;138 303 162;A01;1;7;0;2;3;0;1;
201900001817;138 303 159;B01;1;33;0;0;1;1;0;
201900001817;138 303 160;A01;2;7;0;2;1;15;1;
201900001818;138 303 157;A01;3;7;0;2;1;9;1;
201900001818;138 303 158;Y01;3;1;0;2;7;1;5;
201900001819;138 303 155;A01;3;3;0;1;1;2;6;
201900001820;138 303 154;A01;1;7;0;1;1;1;1;
201900001821;138 303 152;B01;1;7;0;2;4;23;1;
201900001821;138 303 153;A01;1;7;0;2;2;16;1;
201900001822;138 303 148;D01;2;7;0;2;4;1;1;
201900001822;138 303 149;C01;2;7;0;2;4;1;1;
201900001822;138 303 150;B01;2;10;0;2;4;1;1;
201900001822;138 303 151;A01;2;7;0;2;1;2;1;
201900001823;138 303 147;A01;1;7;0;1;1;1;1;
201900001824;138 303 146;Z01;2;7;0;1;4;0;1;
201900001825;138 303 145;A01;1;7;0;1;1;1;1;
201900001826;138 303 141;A01;1;7;0;2;1;1;1;
201900001826;138 303 142;B01;1;7;0;0;0;0;1;
201900001826;138 303 143;C01;1;7;0;2;4;1;1;
201900001826;138 303 144;D01;1;7;0;2;4;1;1;
201900001827;138 303 140;A01;0;7;0;1;5;4;1;
201900001828;138 303 138;A01;0;7;0;2;1;1;1;
201900001828;138 303 139;B01;0;2;0;2;4;1;1;
201900001829;138 303 137;A01;1;7;0;1;1;1;1;
201900001830;138 303 136;A01;1;7;0;1;2;1;1;
201900001831;138 303 134;A01;3;7;0;2;5;15;1;
201900001831;138 303 135;B01;3;7;0;2;1;1;1;
201900001832;138 303 133;A01;1;7;0;1;3;1;1;
201900001833;138 303 130;C01;3;80;0;2;7;19;3;
201900001833;138 303 131;B01;3;10;0;2;5;1;1;
201900001833;138 303 132;A01;3;10;0;2;1;1;1;
201900001834;138 303 128;A01;3;7;0;2;7;15;1;
201900001834;138 303 129;B01;3;7;0;2;1;1;1;
201900001835;138 303 126;A01;2;7;0;2;6;10;1;
201900001835;138 303 127;B01;2;33;0;2;1;1;1;
201900001836;138 303 124;A01;1;7;0;2;2;1;2;
201900001836;138 303 125;B01;1;7;0;0;4;16;1;
201900001837;138 303 123;A01;3;7;0;1;4;4;1;
201900001838;138 303 121;A01;1;7;0;2;3;14;1;
201900001838;138 303 122;B01;2;7;0;2;3;1;1;
201900001839;138 303 120;A01;1;7;0;0;9;1;1;
201900001840;138 303 117;A01;2;7;0;2;3;15;1;
201900001840;138 303 118;B01;2;33;0;2;7;1;1;
201900001841;138 303 116;A01;1;7;8;0;1;1;1;
201900001842;138 303 115;A01;3;7;0;1;1;9;1;
201900001843;138 303 110;A01;0;7;0;2;1;2;1;
201900001843;138 303 111;B01;0;7;0;0;4;23;0;
201900001844;138 303 109;A01;1;7;0;1;4;2;1;
201900001845;138 303 107;A01;0;3;0;2;1;2;1;
201900001845;138 303 108;B01;0;7;0;2;4;2;1;
201900001846;138 303 106;Z01;3;7;0;1;1;1;0;
201900001847;138 303 102;A01;0;7;0;0;4;23;0;
201900001847;138 303 103;B01;0;7;0;2;1;2;0;
201900001847;138 303 104;C01;0;7;0;2;1;2;0;
201900001847;138 303 105;D01;0;7;0;2;1;2;0;
201900001848;138 303 100;A01;1;34;8;2;3;18;1;
201900001848;138 303 101;B01;1;7;0;2;2;1;1;
201900001849;138 303 098;B01;0;7;0;2;5;1;1;
201900001849;138 303 099;A01;0;7;0;2;1;0;1;
201900001850;138 303 094;D01;1;7;0;0;4;23;1;
201900001850;138 303 095;C01;1;7;0;2;4;2;1;
201900001850;138 303 096;B01;1;7;0;2;4;2;1;
201900001850;138 303 097;A01;1;14;0;2;1;2;1;
201900001851;138 303 092;A01;1;43;0;2;8;3;1;
201900001851;138 303 093;Z01;1;7;0;2;0;12;0;
201900001852;138 303 088;D01;1;7;0;2;3;23;1;
201900001852;138 303 089;C01;1;10;0;2;5;1;1;
201900001852;138 303 090;B01;1;7;0;2;4;2;2;
201900001852;138 303 091;A01;1;7;0;2;1;2;1;
201900001853;138 303 086;B01;1;10;0;2;6;2;1;
201900001853;138 303 087;A01;1;33;0;2;2;2;1;
201900001854;138 303 084;A01;3;33;0;2;2;1;1;
201900001854;138 303 085;B01;3;30;0;2;3;7;1;
201900001855;138 303 082;B01;1;33;0;2;6;1;1;
201900001855;138 303 083;A01;2;7;0;2;3;15;1;
201900001856;138 303 080;B01;1;34;0;2;1;1;1;
201900001856;138 303 081;A01;2;10;0;2;2;15;1;
201900001857;138 303 078;B01;1;1;0;2;1;1;5;
201900001857;138 303 079;A01;1;10;0;2;8;22;3;
201900001858;138 303 076;A01;1;7;0;2;8;1;1;
201900001858;138 303 077;B01;1;1;0;2;1;1;5;
201900001859;138 303 075;A01;2;1;0;1;1;5;5;
201900001860;138 303 073;B01;1;10;0;0;8;1;1;
201900001860;138 303 074;A01;1;1;0;2;1;1;5;
201900001861;138 303 071;B01;1;10;0;2;3;1;1;
201900001861;138 303 072;A01;1;2;0;2;1;1;1;
201900001862;138 303 070;Z01;1;1;0;1;1;1;5;
201900001863;138 303 068;B01;1;33;0;2;4;1;1;
201900001863;138 303 069;A01;1;33;0;2;3;17;1;
201900001864;138 303 066;B01;1;10;0;2;6;23;1;
201900001864;138 303 067;A01;1;32;0;2;6;2;1;
201900001865;138 303 065;A01;1;43;0;1;1;1;1;
201900001866;138 303 063;A01;1;80;0;2;3;18;2;
201900001866;138 303 064;B01;1;14;0;2;5;1;1;
201900001867;138 303 062;A01;2;50;0;1;1;1;3;
201900001868;138 303 060;A01;2;2;0;2;1;15;1;
201900001868;138 303 061;B01;1;7;0;2;3;1;1;
201900001869;138 303 058;A01;1;10;0;2;1;1;1;
201900001869;138 303 059;B01;1;1;0;2;4;11;5;
201900001870;138 303 056;A01;2;10;0;2;2;1;1;
201900001870;138 303 057;B01;2;1;0;2;8;1;5;
201900001871;138 303 054;B01;1;31;0;2;8;1;1;
201900001871;138 303 055;A01;1;7;0;2;7;14;1;
201900001872;138 303 052;B01;2;10;0;2;4;23;1;
201900001872;138 303 053;A01;2;7;0;2;1;2;1;
201900001873;138 303 051;A01;2;7;0;1;2;1;1;
201900001874;138 303 049;B01;2;7;0;0;4;23;0;
201900001874;138 303 050;A01;2;15;0;2;1;1;0;
201900001875;138 303 046;C01;1;7;0;2;1;2;1;
201900001875;138 303 047;B01;1;7;0;2;4;2;1;
201900001875;138 303 048;A01;1;7;0;2;4;2;1;
201900001876;138 303 045;A01;1;7;1;0;1;1;1;
201900001877;138 303 043;A01;2;7;0;2;0;0;1;
201900001877;138 303 044;B01;2;30;0;2;1;1;1;
201900001878;138 303 041;Z01;3;7;0;6;0;17;0;
201900001878;138 303 042;A01;3;50;0;2;0;26;3;
201900001879;138 303 039;A01;1;7;8;2;1;15;1;
201900001879;138 303 040;B01;1;7;0;2;6;16;1;
201900001880;138 303 038;A01;3;7;0;1;2;18;0;
201900001881;138 303 037;A01;3;7;9;0;2;14;0;
201900001882;138 303 034;B01;2;7;0;2;2;15;0;
201900001882;138 303 035;C01;2;7;0;2;3;1;0;
201900001882;138 303 036;A01;1;2;0;2;1;3;0;
201900001883;138 303 032;A01;1;30;0;2;3;18;1;
201900001883;138 303 033;B01;1;10;0;2;2;0;1;
201900001884;138 303 030;A01;2;7;0;2;5;23;0;
201900001884;138 303 031;B01;2;30;0;2;1;18;1;
201900001885;138 303 028;B01;1;33;0;2;7;1;1;
201900001885;138 303 029;A01;1;7;0;2;8;11;1;
201900001886;138 303 026;A01;2;7;0;1;4;20;1;
201900001887;138 303 025;A01;3;7;13;0;1;13;1;
201900001888;138 303 023;A01;2;10;0;2;3;1;1;
201900001888;138 303 024;B01;1;15;0;2;0;1;1;
201900001889;138 303 021;A01;2;7;0;2;1;2;0;
201900001889;138 303 022;B01;2;7;3;2;4;2;0;
201900001890;138 303 020;A01;0;7;0;1;1;1;6;
201900001891;138 303 018;B01;1;7;0;9;3;1;1;
201900001891;138 303 019;A01;2;2;0;2;1;13;1;
201900001892;138 303 014;B01;2;2;0;2;7;17;1;
201900001892;138 303 015;A01;2;2;0;2;8;15;1;
201900001893;138 303 013;A01;1;7;16;0;9;1;1;
201900001894;138 303 012;A01;1;7;2;0;1;1;1;
201900001895;138 303 010;A01;2;7;0;2;3;1;1;
201900001895;138 303 011;B01;1;7;0;2;3;1;0;
201900001896;138 303 009;A01;2;7;0;1;2;15;1;
201900001897;138 303 007;B01;2;7;0;2;3;15;1;
201900001897;138 303 008;A01;1;33;0;2;2;1;1;
201900001898;138 303 005;B01;1;7;0;2;3;1;1;
201900001898;138 303 006;A01;2;17;0;2;8;13;1;
201900001899;138 303 002;A01;2;7;0;2;2;1;1;
201900001899;138 303 003;B01;1;7;0;2;3;1;1;
201900001900;138 303 000;A01;1;7;0;2;3;13;1;
201900001900;138 303 001;B01;2;7;0;2;3;0;1;
201900001901;138 302 998;A01;3;3;0;2;8;19;1;
201900001901;138 302 999;B01;1;7;0;2;1;1;1;
201900001902;138 302 996;B01;2;33;0;2;1;21;1;
201900001902;138 302 997;A01;1;7;0;2;2;19;1;
201900001903;138 302 993;A01;1;7;0;2;4;26;1;
201900001903;138 302 994;B01;2;7;0;2;1;1;1;
201900001903;138 302 995;C01;1;7;0;2;1;1;1;
201900001904;138 302 992;A01;1;31;8;0;1;1;1;
201900001905;138 302 989;A01;1;7;0;2;1;17;1;
201900001905;138 302 990;B01;2;30;0;2;1;1;1;
201900001906;138 302 987;B01;2;17;0;0;8;1;1;
201900001906;138 302 988;A01;1;7;0;2;3;13;1;
201900001907;138 302 986;A01;1;1;0;1;1;25;5;
201900001908;138 302 984;B01;1;7;6;2;1;0;1;
201900001908;138 302 985;A01;2;7;0;2;1;13;1;
201900001909;138 302 983;A01;1;2;0;0;8;1;1;
201900001910;138 302 981;A01;1;7;0;2;1;2;1;
201900001910;138 302 982;B01;1;7;0;0;4;2;1;
201900001911;138 302 980;A01;1;7;2;0;9;1;0;
201900001912;138 302 979;A01;1;7;0;1;2;1;1;
201900001913;138 302 977;A01;1;15;2;0;9;0;1;
201900001913;138 302 978;C01;2;7;0;9;1;1;1;
201900001914;138 302 974;A01;1;7;0;0;4;2;1;
201900001914;138 302 975;B01;1;7;0;0;4;2;1;
201900001914;138 302 976;C01;1;33;0;0;1;2;1;
201900001915;138 302 971;C01;1;7;14;0;3;1;1;
201900001915;138 302 972;B01;1;7;14;0;1;1;1;
201900001915;138 302 973;A01;1;7;3;0;3;13;1;
201900001916;138 302 970;A01;1;7;13;0;9;17;1;
201900001917;138 302 968;B01;2;7;0;2;4;1;1;
201900001917;138 302 969;A01;2;14;0;2;7;14;1;
201900001918;138 302 964;A01;1;7;0;2;1;15;1;
201900001918;138 302 965;B01;2;2;0;2;3;1;1;
201900001919;138 302 962;B01;1;10;0;2;3;1;1;
201900001919;138 302 963;A01;2;7;0;2;5;13;1;
201900001920;138 302 961;A01;3;33;14;0;0;1;1;
201900001921;138 302 959;B01;2;10;0;2;3;1;1;
201900001921;138 302 960;A01;1;7;0;2;3;13;1;
201900001922;138 302 957;B01;0;7;0;2;1;1;1;
201900001922;138 302 958;A01;1;7;0;2;1;1;1;
201900001923;138 302 954;A01;1;7;0;0;3;1;1;
201900001923;138 302 955;B01;2;7;0;0;1;15;1;
201900001924;138 302 952;A01;2;7;0;2;3;19;1;
201900001924;138 302 953;B01;1;33;0;2;6;1;1;
201900001925;138 302 950;B01;2;33;0;2;1;1;1;