Num_Acc;id_vehicule;num_veh;senc;catv;obs;obsm;choc;manv;motor;occutc
201900001925;138 302 951;A01;1;7;0;2;1;15;1;
201900001926;138 302 947;A01;1;7;0;2;3;1;1;
201900001926;138 302 948;B01;2;7;0;2;8;1;1;
201900001926;138 302 949;C01;1;7;0;2;1;1;1;
201900001927;138 302 946;A01;1;1;0;1;1;1;5;
201900001928;138 302 944;A01;1;14;0;1;2;23;1;
201900001929;138 302 941;A01;0;7;0;9;0;2;1;
201900001929;138 302 942;B01;0;33;0;0;4;17;1;
201900001930;138 302 939;B01;0;7;0;2;3;15;1;
201900001930;138 302 940;A01;0;2;0;2;3;1;1;
201900001931;138 302 937;A01;2;7;0;2;4;1;1;
201900001931;138 302 938;B01;2;7;0;2;1;1;1;
201900001932;138 302 936;A01;1;7;0;0;3;13;1;
201900001933;138 302 935;A01;1;10;0;2;4;1;1;
201900001934;138 302 933;A01;1;7;0;2;6;9;1;
201900001934;138 302 934;B01;1;14;0;2;2;1;1;
201900001935;138 302 931;A01;1;7;0;2;3;13;1;
201900001935;138 302 932;B01;1;33;0;2;7;1;1;
201900001936;138 302 929;B01;1;10;0;2;8;0;1;
201900001936;138 302 930;A01;1;7;3;2;2;0;1;
201900001937;138 302 926;C01;1;7;0;2;2;1;1;
201900001937;138 302 927;B01;1;14;0;2;3;23;1;
201900001937;138 302 928;A01;1;7;0;2;6;11;1;
201900001938;138 302 922;D01;1;33;0;2;1;3;1;
201900001938;138 302 923;C01;1;7;0;2;3;1;1;
201900001938;138 302 924;B01;1;33;0;2;1;3;1;
201900001938;138 302 925;A01;1;7;0;2;5;14;1;
201900001939;138 302 920;B01;2;33;0;2;7;1;1;
201900001939;138 302 921;A01;2;7;0;2;8;11;1;
201900001940;138 302 917;A01;1;33;0;2;1;3;1;
201900001940;138 302 918;C01;1;7;0;2;2;1;1;
201900001940;138 302 919;B01;1;7;0;2;4;11;1;
201900001941;138 302 915;B01;1;7;0;2;5;1;1;
201900001941;138 302 916;A01;1;33;0;2;3;3;1;
201900001942;138 302 914;A01;2;7;4;0;8;9;1;
201900001943;138 302 912;A01;1;7;0;2;5;12;1;
201900001943;138 302 913;B01;1;33;0;2;1;3;1;
201900001944;138 302 910;A01;1;7;0;2;4;2;1;
201900001944;138 302 911;B01;1;7;0;2;1;2;1;
201900001945;138 302 908;B01;1;33;0;2;7;3;1;
201900001945;138 302 909;A01;1;7;0;2;8;11;1;
201900001946;138 302 902;B01;1;7;0;2;1;1;1;
201900001946;138 302 903;A01;2;7;0;2;8;10;1;
201900001947;138 302 900;B01;2;10;0;2;1;1;1;
201900001947;138 302 901;A01;2;7;0;2;8;10;1;
201900001948;138 302 898;B01;1;33;0;2;1;1;1;
201900001948;138 302 899;A01;2;7;0;2;2;15;1;
201900001949;138 302 897;A01;3;10;0;1;1;1;1;
201900001950;138 302 895;A01;3;15;0;2;1;2;1;
201900001950;138 302 896;B01;3;7;0;0;4;2;1;
201900001951;138 302 892;A01;2;2;4;0;1;3;1;
201900001952;138 302 890;B01;1;31;0;2;3;1;1;
201900001952;138 302 891;A01;1;3;0;2;1;17;1;
201900001953;138 302 887;C01;3;7;0;2;7;1;1;
201900001953;138 302 888;B01;3;7;0;2;3;1;1;
201900001953;138 302 889;A01;3;7;0;2;2;17;1;
201900001954;138 302 885;B01;3;7;0;2;1;2;1;
201900001954;138 302 886;A01;3;37;0;2;4;23;1;1
201900001955;138 302 884;A01;2;7;0;1;1;15;1;
201900001956;138 302 883;A01;0;34;0;1;1;2;1;
201900001957;138 302 882;A01;1;7;0;1;1;1;1;
201900001958;138 302 881;A01;3;7;0;1;1;26;1;
201900001959;138 302 880;A01;3;10;9;0;9;9;1;
201900001960;138 302 878;B01;1;7;0;2;3;1;1;
201900001960;138 302 879;A01;2;7;0;2;8;9;1;
201900001961;138 302 873;A01;2;7;0;2;1;2;1;
201900001961;138 302 874;B01;2;7;0;2;4;23;1;
201900001961;138 302 875;C01;2;7;0;2;4;23;1;
201900001961;138 302 876;D01;2;7;0;2;4;23;1;
201900001961;138 302 877;E01;2;7;0;2;4;23;1;
201900001962;138 302 871;B01;1;2;0;2;2;1;1;
201900001962;138 302 872;A01;2;7;0;2;2;15;1;
201900001963;138 302 870;A01;0;7;0;1;2;1;1;
201900001964;138 302 869;A01;3;7;0;1;3;15;1;
201900001965;138 302 868;A01;3;7;0;1;3;21;1;
201900001966;138 302 866;B01;2;30;0;2;1;1;1;
201900001966;138 302 867;A01;2;7;0;2;2;1;1;
201900001967;138 302 864;Z01;0;7;0;2;1;2;1;
201900001967;138 302 865;A01;0;1;0;2;4;2;5;
201900001968;138 302 863;A01;3;10;0;1;4;26;1;
201900001969;138 302 861;B01;0;1;0;2;7;1;5;
201900001969;138 302 862;A01;0;7;0;2;1;9;1;
201900001970;138 302 859;A01;1;32;0;2;1;1;1;
201900001970;138 302 860;B01;1;7;0;2;8;15;1;
201900001971;138 302 858;A01;1;7;0;1;2;1;0;
201900001972;138 302 857;A01;3;7;0;1;1;15;1;
201900001973;138 302 854;A01;1;7;0;2;2;15;1;
201900001973;138 302 855;B01;2;1;0;2;1;1;5;
201900001974;138 302 853;Z01;2;7;0;1;1;15;0;
201900001975;138 302 850;B01;1;7;0;2;4;2;1;
201900001975;138 302 851;A01;1;7;0;2;1;2;1;
201900001976;138 302 849;A01;2;7;0;1;3;9;1;
201900001977;138 302 847;A01;2;7;9;2;1;1;1;
201900001977;138 302 848;B01;2;7;0;2;4;1;1;
201900001978;138 302 845;B01;3;7;0;2;2;1;1;
201900001978;138 302 846;A01;3;2;0;2;8;18;1;
201900001979;138 302 842;A01;1;7;0;1;3;2;1;
201900001980;138 302 841;A01;2;10;0;1;3;24;1;
201900001981;138 302 838;B01;1;7;0;2;3;16;1;
201900001981;138 302 839;A01;2;1;0;2;1;1;5;
201900001982;138 302 836;A01;0;7;0;2;4;23;0;
201900001982;138 302 837;B01;0;7;0;2;1;2;0;
201900001983;138 302 832;A01;1;7;0;2;3;16;1;
201900001983;138 302 833;B01;1;30;0;2;1;1;1;
201900001984;138 302 831;A01;1;30;0;1;7;1;1;
201900001985;138 302 829;A01;1;7;0;1;3;9;1;
201900001986;138 302 825;A01;3;7;0;2;1;1;1;
201900001986;138 302 826;B01;3;7;0;2;7;1;1;
201900001987;138 302 823;A01;3;7;0;2;1;1;1;
201900001987;138 302 824;B01;3;1;0;2;7;19;5;
201900001988;138 302 822;A01;1;1;0;0;0;17;5;
201900001989;138 302 821;A01;2;10;0;1;2;26;1;
201900001990;138 302 820;A01;1;7;0;1;3;1;1;
201900001991;138 302 818;B01;2;7;0;9;5;15;1;
201900001991;138 302 819;A01;1;2;0;2;1;1;1;
201900001992;138 302 817;A01;3;7;0;1;0;1;1;
201900001993;138 302 814;A01;1;33;0;2;1;17;1;
201900001993;138 302 815;B01;2;7;14;2;3;15;1;
201900001994;138 302 813;A01;1;7;0;1;1;1;1;
201900001995;138 302 812;A01;1;7;0;1;8;1;1;
201900001996;138 302 811;A01;2;10;0;1;1;1;1;
201900001997;138 302 809;A01;2;1;0;2;1;19;5;
201900001997;138 302 810;B01;1;7;0;2;1;1;1;
201900001998;138 302 808;A01;2;7;0;1;1;1;1;
201900001999;138 302 806;B01;3;7;0;2;4;23;1;
201900001999;138 302 807;A01;3;7;1;0;1;1;1;
201900002000;138 302 802;B01;1;33;0;2;4;1;1;
201900002000;138 302 803;A01;1;7;0;2;1;16;1;
201900002001;138 302 800;A01;1;10;0;2;6;1;1;
201900002001;138 302 801;B01;2;7;0;2;1;1;1;
201900002002;138 302 796;B01;2;7;0;2;6;1;1;
201900002002;138 302 797;A01;2;7;0;2;3;15;1;
201900002003;138 302 794;B01;1;7;0;2;2;1;1;
201900002003;138 302 795;A01;1;7;0;2;3;9;1;
201900002004;138 302 791;A01;2;7;0;2;1;2;1;
201900002004;138 302 792;B01;2;7;0;2;4;2;1;
201900002004;138 302 793;C01;2;7;0;2;4;2;1;
201900002005;138 302 789;A01;1;7;0;2;1;9;1;
201900002005;138 302 790;B01;1;33;0;2;1;1;1;
201900002006;138 302 788;A01;1;7;0;0;9;1;1;
201900002007;138 302 786;B01;3;31;0;2;1;17;0;
201900002007;138 302 787;A01;3;7;0;2;3;15;0;
201900002008;138 302 783;C01;0;7;0;2;6;2;1;
201900002008;138 302 784;B01;0;30;0;2;3;1;1;
201900002008;138 302 785;A01;0;7;0;2;3;13;1;
201900002009;138 302 781;A01;1;7;0;2;0;10;1;
201900002009;138 302 782;B01;2;34;0;2;3;9;1;
201900002010;138 302 779;B01;2;10;0;2;7;1;1;
201900002010;138 302 780;A01;2;30;0;2;8;11;1;
201900002011;138 302 778;A01;3;7;0;1;3;1;1;
201900002012;138 302 774;D01;1;7;0;2;6;1;1;
201900002012;138 302 775;C01;1;7;0;2;2;1;1;
201900002012;138 302 776;B01;1;7;0;2;4;1;1;
201900002012;138 302 777;A01;1;14;0;2;3;1;1;
201900002013;138 302 772;A01;0;31;0;2;1;2;1;
201900002013;138 302 773;B01;0;3;0;2;6;2;1;
201900002014;138 302 770;A01;3;7;0;2;1;1;1;
201900002014;138 302 771;B01;3;7;0;2;7;1;1;
201900002015;138 302 768;B01;2;7;0;9;1;15;1;
201900002015;138 302 769;A01;2;33;0;2;1;17;1;
201900002016;138 302 767;A01;1;7;0;0;1;15;1;
201900002017;138 302 766;A01;2;7;1;0;2;1;1;
201900002018;138 302 765;A01;1;7;0;2;2;9;1;
201900002019;138 302 764;A01;3;7;0;1;8;1;1;
201900002020;138 302 762;A01;1;7;0;2;2;15;1;
201900002020;138 302 763;B01;1;30;0;2;1;1;1;
201900002021;138 302 761;A01;2;7;14;0;1;6;1;
201900002022;138 302 760;A01;1;7;0;1;1;1;1;
201900002023;138 302 758;B01;1;33;0;2;3;3;1;
201900002023;138 302 759;A01;1;7;0;2;7;12;1;
201900002024;138 302 757;A01;2;7;4;0;3;13;1;
201900002025;138 302 756;A01;2;7;9;0;1;13;1;
201900002026;138 302 754;A01;1;7;0;2;3;15;1;
201900002026;138 302 755;B01;1;33;0;2;9;17;1;
201900002027;138 302 752;B01;2;30;0;2;1;2;1;
201900002027;138 302 753;A01;2;7;0;2;1;2;2;
201900002028;138 302 750;A01;1;37;0;2;1;7;1;1
201900002028;138 302 751;B01;2;1;0;2;1;17;5;
201900002029;138 302 749;Z01;2;7;0;1;1;1;0;
201900002030;138 302 748;A01;1;10;0;1;1;15;1;
201900002031;138 302 747;A01;3;33;0;1;1;1;1;
201900002032;138 302 745;B01;1;7;0;2;1;1;1;
201900002032;138 302 746;A01;2;10;0;2;3;5;1;
201900002033;138 302 744;A01;1;32;0;1;1;1;1;
201900002034;138 302 743;A01;2;14;0;1;2;16;1;
201900002035;138 302 742;A01;2;7;0;1;1;15;1;
201900002036;138 302 741;A01;2;10;0;1;8;15;1;
201900002037;138 302 740;A01;1;30;0;0;8;1;1;
201900002038;138 302 737;A01;2;7;12;2;2;10;1;
201900002038;138 302 738;C01;1;7;0;2;1;1;2;
201900002038;138 302 739;B01;1;32;0;2;1;1;1;
201900002039;138 302 736;A01;1;50;0;0;0;1;3;
201900002040;138 302 735;A01;1;33;0;1;7;1;0;
201900002041;138 302 734;A01;2;30;0;1;1;1;1;
201900002042;138 302 732;B01;2;2;0;2;8;1;1;
201900002042;138 302 733;A01;2;10;0;2;2;6;1;
201900002043;138 302 730;A01;1;32;0;2;3;26;6;
201900002043;138 302 731;B01;1;10;0;2;3;9;6;
201900002044;138 302 729;A01;1;7;0;1;3;12;1;
201900002045;138 302 728;Z01;1;99;0;1;2;2;0;
201900002046;138 302 725;B01;1;7;0;2;4;23;0;
201900002046;138 302 726;A01;1;7;0;2;3;20;0;
201900002046;138 302 727;C01;1;7;14;2;1;26;0;
201900002047;138 302 724;A01;2;37;0;1;2;16;1;1
201900002048;138 302 722;A01;3;30;8;0;2;15;1;
201900002048;138 302 723;B01;1;7;0;2;2;23;0;
201900002049;138 302 720;A01;1;7;0;2;1;1;1;
201900002049;138 302 721;B01;1;7;0;2;4;1;1;
201900002050;138 302 719;A01;1;2;4;0;2;26;0;
201900002051;138 302 716;A01;3;7;0;2;0;1;6;
201900002051;138 302 717;B01;3;34;0;2;7;18;6;
201900002052;138 302 714;A01;1;7;0;2;3;15;2;
201900002052;138 302 715;B01;1;43;0;2;1;21;1;
201900002053;138 302 712;A01;2;33;0;2;1;9;1;
201900002053;138 302 713;B01;3;14;0;2;3;0;1;
201900002054;138 302 708;B01;1;7;0;2;1;15;1;
201900002054;138 302 709;A01;1;7;0;2;1;5;1;
201900002055;138 302 706;A01;0;7;0;2;3;15;1;
201900002055;138 302 707;B01;2;31;0;2;1;1;1;
201900002056;138 302 705;A01;1;3;0;1;1;1;1;
201900002057;138 302 704;A01;2;2;0;0;9;1;1;
201900002058;138 302 702;B01;1;7;0;2;1;13;1;
201900002058;138 302 703;A01;2;7;0;2;1;1;1;
201900002059;138 302 700;A01;2;2;0;0;5;26;1;
201900002059;138 302 701;B01;3;7;0;0;3;26;1;
201900002060;138 302 698;B01;1;7;16;2;8;17;1;
201900002060;138 302 699;A01;1;7;0;2;2;17;1;
201900002061;138 302 696;B01;0;31;0;2;1;1;1;
201900002061;138 302 697;A01;0;7;0;2;6;19;1;
201900002062;138 302 693;C01;2;7;0;2;1;1;1;
201900002062;138 302 694;B01;1;33;0;2;7;1;1;
201900002062;138 302 695;A01;1;7;0;2;8;16;1;
201900002063;138 302 692;A01;1;33;0;0;0;0;1;
201900002064;138 302 691;A01;1;10;8;0;1;1;1;
201900002065;138 302 686;A01;1;7;0;2;2;15;1;
201900002065;138 302 687;B01;2;31;0;2;1;1;1;
201900002066;138 302 683;A01;2;7;0;2;3;9;1;
201900002066;138 302 684;C01;1;15;0;2;1;1;1;
201900002066;138 302 685;B01;2;7;0;2;5;1;1;
201900002067;138 302 681;B01;2;7;0;0;1;1;1;
201900002067;138 302 682;A01;1;7;0;2;1;13;1;
201900002068;138 302 680;A01;2;7;10;0;1;13;1;
201900002069;138 302 679;A01;2;7;0;1;2;2;1;
201900002070;138 302 678;A01;1;7;2;0;2;2;1;
201900002071;138 302 677;A01;0;1;0;0;9;0;5;
201900002072;138 302 676;A01;1;2;6;0;1;14;1;
201900002073;138 302 674;B01;1;1;0;2;4;1;5;
201900002073;138 302 675;A01;1;7;0;2;2;1;1;
201900002074;138 302 673;A01;3;7;0;1;2;1;1;
201900002075;138 302 672;A01;3;10;0;1;4;20;1;
201900002076;138 302 671;A01;2;2;0;0;2;1;1;
201900002077;138 302 670;A01;0;7;1;0;1;0;1;
201900002078;138 302 667;A01;1;7;6;0;2;0;1;
201900002079;138 302 665;B01;1;17;0;2;1;1;1;
201900002079;138 302 666;A01;2;7;0;2;1;13;1;
201900002080;138 302 664;A01;3;7;2;0;7;0;0;
201900002081;138 302 662;B01;2;7;3;2;1;0;1;
201900002081;138 302 663;A01;2;7;3;0;4;1;1;
201900002082;138 302 660;B01;2;17;0;2;1;1;1;
201900002082;138 302 661;A01;1;7;0;2;1;13;1;
201900002083;138 302 658;B01;1;37;0;2;8;1;1;1
201900002083;138 302 659;A01;2;1;0;2;1;13;5;
201900002084;138 302 656;B01;1;99;0;2;5;1;6;
201900002084;138 302 657;A01;1;7;0;9;2;21;1;
201900002085;138 302 653;C01;3;7;0;2;2;0;0;
201900002085;138 302 654;B01;3;7;0;2;1;0;0;
201900002085;138 302 655;A01;0;7;0;2;1;5;0;
201900002086;138 302 652;A01;2;7;2;0;3;1;1;
201900002087;138 302 650;B01;3;30;0;0;1;1;0;
201900002087;138 302 651;A01;3;99;0;0;3;1;0;
201900002088;138 302 647;A01;1;7;0;1;3;1;1;
201900002089;138 302 645;B01;1;7;0;2;2;1;1;
201900002089;138 302 646;A01;1;7;0;2;3;15;1;
201900002090;138 302 643;A01;1;7;0;0;3;9;1;
201900002090;138 302 644;B01;2;2;0;2;1;9;1;
201900002091;138 302 641;A01;2;33;0;2;8;17;1;
201900002091;138 302 642;B01;1;7;0;2;8;1;1;
201900002092;138 302 639;A01;3;7;14;0;1;1;1;
201900002092;138 302 640;B01;3;7;0;0;7;10;1;
201900002093;138 302 638;A01;1;7;0;1;2;26;1;
201900002094;138 302 635;A01;2;7;0;2;5;12;1;
201900002094;138 302 636;B01;2;31;0;2;8;3;1;
201900002095;138 302 632;C01;1;7;0;2;4;2;1;
201900002095;138 302 633;B01;1;7;0;2;4;2;0;
201900002095;138 302 634;A01;1;10;0;1;1;2;1;
201900002096;138 302 630;B01;2;7;0;2;4;2;1;
201900002096;138 302 631;A01;2;7;0;2;1;2;1;
201900002097;138 302 629;A01;2;7;4;0;3;13;1;
201900002098;138 302 625;A01;2;7;0;2;1;1;1;
201900002098;138 302 626;B01;1;7;0;2;4;1;1;
201900002098;138 302 627;C01;1;7;0;2;4;1;1;
201900002098;138 302 628;D01;1;7;0;2;4;1;1;
201900002099;138 302 623;A01;2;34;0;9;0;3;1;
201900002099;138 302 624;B01;2;7;0;9;6;1;1;
201900002100;138 302 622;A01;1;33;4;0;3;26;1;
201900002101;138 302 618;A01;2;10;0;2;1;2;1;
201900002101;138 302 619;B01;2;7;0;2;4;2;1;
201900002101;138 302 620;C01;2;7;0;2;4;2;1;
201900002101;138 302 621;D01;2;7;0;2;4;2;1;
201900002102;138 302 616;B01;2;7;0;2;7;12;1;
201900002102;138 302 617;A01;2;32;0;2;3;3;1;
201900002103;138 302 614;B01;2;2;0;2;1;1;1;
201900002103;138 302 615;A01;1;7;0;2;3;15;1;
201900002104;138 302 613;A01;1;7;0;2;4;23;1;
201900002105;138 302 611;B01;3;1;0;2;1;1;5;
201900002105;138 302 612;A01;3;7;0;9;2;15;1;
201900002106;138 302 610;A01;0;7;13;0;1;0;1;
201900002107;138 302 608;B01;3;30;0;2;1;17;1;
201900002107;138 302 609;A01;3;7;0;2;3;15;1;
201900002108;138 302 607;A01;3;7;0;1;5;20;1;
201900002109;138 302 605;B01;2;1;0;2;1;16;0;
201900002109;138 302 606;A01;1;7;0;1;7;1;1;
201900002110;138 302 604;A01;2;33;6;0;7;16;1;
201900002111;138 302 602;B01;1;7;0;2;2;1;1;
201900002111;138 302 603;A01;1;7;0;2;1;9;1;
201900002112;138 302 601;A01;1;99;0;1;1;26;1;
201900002113;138 302 599;B01;1;7;0;2;3;15;1;
201900002113;138 302 600;A01;1;7;0;2;1;17;1;
201900002114;138 302 597;B01;1;7;0;2;1;21;1;
201900002114;138 302 598;A01;1;7;0;2;1;13;1;
201900002115;138 302 595;B01;1;7;0;2;4;2;1;
201900002115;138 302 596;A01;1;7;0;2;1;2;1;
201900002116;138 302 593;B01;1;7;0;2;8;15;0;
201900002116;138 302 594;A01;1;33;0;2;1;17;0;
201900002117;138 302 592;A01;2;7;0;1;1;1;1;
201900002118;138 302 591;A01;2;33;0;9;2;21;6;
201900002119;138 302 589;T01;1;7;0;0;0;0;0;
201900002119;138 302 590;A01;1;34;11;2;7;17;0;
201900002120;138 302 587;B01;1;7;1;2;6;0;1;
201900002120;138 302 588;A01;1;7;0;2;2;26;1;
201900002121;138 302 585;B01;2;7;0;2;5;1;1;
201900002121;138 302 586;A01;1;30;0;2;1;1;1;
201900002122;138 302 584;A01;3;7;0;0;2;26;1;
201900002123;138 302 583;A01;1;32;0;1;7;16;1;
201900002124;138 302 581;B01;2;30;1;2;1;17;0;
201900002124;138 302 582;A01;2;7;0;2;3;15;0;
201900002125;138 302 580;Z01;1;30;0;1;1;1;1;
201900002126;138 302 579;A01;0;7;2;0;1;14;1;
201900002127;138 302 576;C01;0;2;0;2;1;3;1;
201900002127;138 302 577;B01;0;2;0;2;1;3;1;
201900002127;138 302 578;A01;2;7;0;2;3;15;0;
201900002128;138 302 574;B01;0;33;0;2;4;0;1;
201900002128;138 302 575;A01;0;7;0;2;2;2;1;
201900002129;138 302 572;B01;3;7;0;2;8;15;1;
201900002129;138 302 573;A01;0;33;0;2;1;19;1;
201900002130;138 302 569;C01;2;7;0;2;1;2;1;
201900002130;138 302 570;B01;2;7;0;2;4;23;1;
201900002130;138 302 571;A01;2;7;0;2;4;23;1;
201900002131;138 302 568;A01;0;7;0;1;2;16;1;
201900002132;138 302 567;A01;1;7;0;1;3;1;1;
201900002133;138 302 566;A01;1;10;0;1;2;17;0;
201900002134;138 302 564;B01;2;33;0;2;1;1;1;
201900002134;138 302 565;A01;0;7;0;2;0;15;1;
201900002135;138 302 562;B01;2;2;0;2;1;1;1;
201900002135;138 302 563;A01;1;7;0;2;1;15;1;
201900002136;138 302 561;A01;0;40;15;1;2;26;0;
201900002137;138 302 559;B01;3;7;0;2;1;2;1;
201900002137;138 302 560;A01;2;1;0;2;1;1;0;
201900002138;138 302 558;A01;0;37;0;1;7;9;0;1
201900002139;138 302 556;A01;0;7;6;1;5;24;1;
201900002140;138 302 555;A01;2;7;0;1;1;15;1;
201900002141;138 302 554;A01;1;10;0;1;2;1;1;
201900002142;138 302 552;A01;1;7;0;2;2;15;1;
201900002142;138 302 553;B01;2;33;0;2;1;21;1;
201900002143;138 302 550;Y01;3;1;0;2;4;2;0;
201900002143;138 302 551;A01;3;17;0;1;7;26;0;
201900002144;138 302 549;A01;1;7;0;1;1;1;1;
201900002145;138 302 548;A01;0;7;0;2;0;26;0;
201900002146;138 302 546;A01;1;7;0;2;8;1;1;
201900002146;138 302 547;B01;3;2;0;2;1;1;1;
201900002147;138 302 545;A01;1;10;0;1;1;1;1;
201900002148;138 302 543;B01;1;32;0;2;1;1;1;
201900002148;138 302 544;A01;1;7;0;2;5;1;1;
201900002149;138 302 542;A01;2;7;0;1;3;15;1;
201900002150;138 302 541;A01;1;7;0;1;1;1;1;
201900002151;138 302 539;Z01;3;7;0;2;0;9;1;
201900002151;138 302 540;A01;3;1;0;2;0;9;5;
201900002152;138 302 537;B01;0;7;0;2;4;23;0;
201900002152;138 302 538;A01;0;33;0;2;1;1;1;
201900002153;138 302 536;A01;1;7;2;0;1;14;1;
201900002154;138 302 535;A01;0;7;0;1;1;1;1;
201900002155;138 302 534;A01;0;7;0;1;1;1;1;
201900002156;138 302 532;A01;2;10;0;1;3;1;0;
201900002157;138 302 530;B01;0;7;0;2;2;9;1;
201900002157;138 302 531;A01;3;7;0;2;3;9;1;
201900002158;138 302 528;A01;2;7;0;2;7;13;1;
201900002158;138 302 529;B01;1;7;0;2;2;1;1;
201900002159;138 302 526;B01;1;7;0;2;5;1;0;
201900002159;138 302 527;A01;2;34;0;2;1;2;1;
201900002160;138 302 524;B01;2;7;0;2;2;1;1;
201900002160;138 302 525;A01;2;7;0;2;3;13;1;
201900002161;138 302 523;A01;1;7;0;1;2;16;1;
201900002162;138 302 521;B01;1;10;0;2;5;2;1;
201900002162;138 302 522;A01;1;33;0;2;1;2;1;
201900002163;138 302 518;A01;1;7;0;2;1;21;1;
201900002163;138 302 519;B01;2;32;0;2;1;1;1;
201900002163;138 302 520;Z01;1;7;0;2;0;15;1;
201900002164;138 302 516;A01;3;7;0;0;0;15;1;
201900002164;138 302 517;B01;3;7;0;2;0;21;1;
201900002165;138 302 515;A01;1;7;0;1;3;15;1;
201900002166;138 302 513;B01;3;3;0;2;4;2;0;
201900002166;138 302 514;A01;3;10;0;2;4;2;0;
201900002167;138 302 510;B01;1;7;0;2;8;1;1;
201900002167;138 302 511;A01;1;33;0;2;1;2;1;
201900002168;138 302 509;A01;1;7;0;1;1;9;1;
201900002169;138 302 508;B01;3;7;0;1;4;4;1;
201900002170;138 302 507;A01;2;7;5;0;2;14;1;
201900002171;138 302 506;A01;2;7;0;1;2;1; -1;
201900002172;138 302 503;A01;1;7;0;2;7;17;1;
201900002172;138 302 504;B01;1;1;0;0;8;2;5;
201900002173;138 302 501;B01;1;7;0;2;3;0;1;
201900002173;138 302 502;A01;2;33;0;2;8;1;1;
201900002174;138 302 500;A01;1;7;0;0;1;1;0;
201900002175;138 302 498;B01;3;33;0;2;1;1;1;
201900002175;138 302 499;A01;3;7;0;2;6;9;1;
201900002176;138 302 497;A01;0;7;0;1;6;1;0;
201900002177;138 302 495;A01;3;7;0;4;1;1;1;
201900002177;138 302 496;B01;3;40;0;2;3;1;3;
201900002178;138 302 493;A01;1;7;0;2;3;19;1;
201900002178;138 302 494;B01;1;7;0;2;1;1;1;
201900002179;138 302 491;B01;1;7;0;1;1;1;1;
201900002179;138 302 492;A01;1;7;0;1;1;1;1;
201900002180;138 302 490;A01;3;7;0;1;4;4;1;
201900002181;138 302 489;A01;1;7;13;0;1;0;1;
201900002182;138 302 488;A01;1;30;0;0;0;26;1;
201900002183;138 302 486;A01;1;37;0;2;7;15;1;1
201900002183;138 302 487;B01;2;33;0;2;1;1;1;
201900002184;138 302 485;A01;1;7;0;1;1;1;0;
201900002185;138 302 484;A01;1;7;0;1;1;1;1;
201900002186;138 302 483;A01;2;34;0;1;1;1;1;
201900002187;138 302 481;B01;1;7;0;9;3;1;6;
201900002187;138 302 482;A01;3;1;0;2;8;19;5;
201900002188;138 302 479;B01;2;7;0;2;6;15;1;
201900002188;138 302 480;A01;2;33;0;2;2;17;1;
201900002189;138 302 477;B01;2;33;0;2;1;1;1;
201900002189;138 302 478;A01;1;7;0;2;1;1;1;
201900002190;138 302 474;A01;3;30;0;0;0;26;1;
201900002191;138 302 473;A01;1;1;0;0;0;1; -1;
201900002192;138 302 471;A01;1;7;0;9;2;15;1;
201900002192;138 302 472;B01;3;1;0;2;4;1;5;
201900002193;138 302 469;A01;1;7;0;2;7;17;1;
201900002193;138 302 470;B01;1;37;1;2;3;1;1;4
201900002194;138 302 468;A01;1;7;4;0;3;13;1;
201900002195;138 302 466;B01;1;7;0;2;1;1;1;
201900002195;138 302 467;A01;2;7;0;2;3;9;1;
201900002196;138 302 464;B01;2;7;0;2;2;17;1;
201900002196;138 302 465;A01;2;7;0;0;8;15;1;
201900002197;138 302 462;A01;1;15;0;2;2;15;1;
201900002197;138 302 463;B01;2;7;0;2;1;1;1;
201900002198;138 302 459;C01;1;32;0;2;7;17;1;
201900002198;138 302 460;B01;1;7;0;2;4;26;1;
201900002198;138 302 461;A01;1;7;0;2;2;26;1;
201900002199;138 302 457;Z01;3;10;0;2;0;0;0;
201900002199;138 302 458;B01;3;7;12;0;1;1;1;
201900002200;138 302 455;B01;3;1;13;2;8;1;5;
201900002200;138 302 456;A01;3;7;0;2;7;17;0;
201900002201;138 302 453;B01;1;32;0;0;0;0;1;
201900002201;138 302 454;A01;1;7;0;2;0;0;1;
201900002202;138 302 452;A01;1;37;0;1;2;1;1;1
201900002203;138 302 450;B01;1;10;0;2;7;1;1;
201900002203;138 302 451;A01;1;7;0;2;1;1;1;
201900002204;138 302 449;A01;2;7;0;1;8;20;1;
201900002205;138 302 448;A01;3;39;0;1;2;1;3;
201900002206;138 302 446;A01;1;7;0;2;6;23;1;
201900002206;138 302 447;B01;1;7;0;2;8;14;1;
201900002207;138 302 445;A01;2;10;3;0;1;14;1;
201900002208;138 302 444;A01;2;31;13;0;1;0;1;
201900002209;138 302 440;C01;1;7;0;2;3;26;1;
201900002209;138 302 441;B01;1;10;0;2;3;15;1;
201900002209;138 302 442;A01;2;7;13;2;3;13;1;
201900002210;138 302 439;A01;0;2;14;0;1;17;1;
201900002211;138 302 434;Z01;2;15;0;2;2;12;0;
201900002211;138 302 435;C01;2;15;0;2;1;1;1;