Num_Acc;id_vehicule;num_veh;senc;catv;obs;obsm;choc;manv;motor;occutc
201900002211;138 302 436;B01;2;7;4;2;3;2;1;
201900002212;138 302 432;A01;2;31;0;2;8;9;1;
201900002212;138 302 433;B01;2;15;0;2;7;2;1;
201900002213;138 302 430;D01;1;7;0;2;8;16; -1;
201900002213;138 302 431;C01;1;7;0;2;7;1; -1;
201900002214;138 302 429;A01;0;30;2;0;2;14;1;
201900002215;138 302 428;A01;2;7;0;1;2;1; -1;
201900002216;138 302 426;A01;2;7;15;2;2;1;1;
201900002216;138 302 427;B01;3;10;0;2;3;9;1;
201900002217;138 302 424;A01;3;7;0;2;3;5;0;
201900002217;138 302 425;B01;0;30;0;2;7;16;0;
201900002218;138 302 422;B01;2;32;0;2;7;17;1;
201900002218;138 302 423;A01;1;7;1;0;8;13;1;
201900002219;138 302 420;Z01;1;10;0;2;4;1;0;
201900002219;138 302 421;A01;1;7;0;2;1;2;1;
201900002220;138 302 419;A01;1;42;0;1;1;2;1;
201900002221;138 302 416;C01;2;10;0;2;3;1;1;
201900002221;138 302 417;B01;2;7;0;2;8;21;1;
201900002221;138 302 418;A01;1;10;0;2;1;1;1;
201900002222;138 302 415;A01;1;7;7;0;0;0;1;
201900002223;138 302 413;B01;3;7;0;2;3;1; -1;
201900002223;138 302 414;A01;3;7;0;2;1;13; -1;
201900002224;138 302 412;A01;3;2;0;1;1;17; -1;
201900002225;138 302 410;A01;1;7;0;2;3;13; -1;
201900002225;138 302 411;B01;3;7;0;2;1;23; -1;
201900002226;138 302 408;A01;2;7;0;2;4;15;1;
201900002226;138 302 409;B01;2;7;0;0;0;0;0;
201900002227;138 302 407;Z01;1;7;0;1;1;1;0;
201900002228;138 302 406;A01;1;7;0;1;1;1;0;
201900002229;138 302 405;A01;2;32;0;0;7;1;1;
201900002230;138 302 404;A01;3;30;0;1;7;16;1;
201900002231;138 302 403;A01;3;7;0;1;1;1;0;
201900002232;138 302 402;A01;3;33;0;1;1;1;3;
201900002233;138 302 400;B01;1;7;0;2;3;1;1;
201900002233;138 302 401;A01;2;7;0;2;3;13;1;
201900002234;138 302 398;B01;2;7;0;2;1;1;1;
201900002234;138 302 399;A01;1;7;0;2;2;15;1;
201900002235;138 302 396;B01;2;2;0;2;7;1;1;
201900002235;138 302 397;A01;1;7;0;2;3;9;1;
201900002236;138 302 395;A01;2;33;12;0;1;1;1;
201900002237;138 302 394;A01;1;7;9;0;1;2;1;
201900002238;138 302 392;B01;3;7;0;2;2;19;0;
201900002238;138 302 393;A01;3;7;0;2;1;19;0;
201900002239;138 302 388;Z01;2;7;0;2;3;11;1;
201900002239;138 302 389;A01;2;33;0;2;7;1;1;
201900002240;138 302 386;B01;1;7;0;2;1;26;1;
201900002240;138 302 387;A01;1;7;0;2;1;13;1;
201900002241;138 302 384;A01;1;7;0;2;7;12;1;
201900002241;138 302 385;B01;1;32;0;2;3;3;1;
201900002242;138 302 382;A01;3;7;0;1;1;26;1;
201900002242;138 302 383;B01;0;30;0;2;1;2;1;
201900002243;138 302 380;B01;2;7;1;0;0;0;0;
201900002243;138 302 381;A01;2;7;0;2;5;0;0;
201900002244;138 302 378;A01;2;7;1;0;6;1;1;
201900002244;138 302 379;B01;2;7;1;2;6;24;1;
201900002245;138 302 375;A01;3;7;0;1;3;0;1;
201900002246;138 302 374;A01;2;2;1;0;1;1;1;
201900002247;138 302 373;A01; -1;39; -1;1; -1; -1; -1;
201900002248;138 302 370;A01;3;7;0;1;2;1;1;
201900002249;138 302 366;A01;1;7;0;2;1;1;1;
201900002249;138 302 367;B01;2;7;0;2;1;1;1;
201900002250;138 302 365;A01;0;2;8;0;1;1;1;
201900002251;138 302 364;A01;0;2;0;0;1;1;1;
201900002252;138 302 362;A01;1;7;0;2;1;2;1;
201900002252;138 302 363;B01;1;7;0;2;4;2;1;
201900002253;138 302 360;B01;1;33;0;2;3;2;1;
201900002253;138 302 361;A01;1;7;0;2;3;19;1;
201900002254;138 302 358;A01;3;30;0;2;1;26;1;
201900002254;138 302 359;B01;3;7;0;2;7;1;1;
201900002255;138 302 357;A01;2;1;8;0;1;1;6;
201900002256;138 302 355;A01;2;7;0;1;2;1;1;
201900002257;138 302 353;A01;1;7;0;2;1;13;1;
201900002257;138 302 354;B01;2;7;0;2;1;1;1;
201900002258;138 302 351;B01;2;7;0;2;1;1;0;
201900002258;138 302 352;A01;2;7;7;2;8;19;0;
201900002259;138 302 341;A01;3;7;15;0;2;1;1;
201900002260;138 302 321;A01;0;32;0;0;0;1;0;
201900002261;138 302 309;A01;2;10;0;2;1;2;1;
201900002261;138 302 310;B01;2;7;0;2;4;2;1;
201900002261;138 302 311;C01;2;7;0;2;4;2;1;
201900002261;138 302 312;D01;2;7;0;2;4;2;1;
201900002261;138 302 313;E01;2;7;0;2;4;2;1;
201900002262;138 302 306;A01;1;7;0;2;1;1;1;
201900002262;138 302 307;B01;1;7;0;2;4;2;1;
201900002262;138 302 308;C01;1;7;0;2;4;2;1;
201900002263;138 302 304;B01;1;34;0;2;8;3;1;
201900002263;138 302 305;A01;1;7;0;2;5;12;1;
201900002264;138 302 301;C01;2;7;0;2;6;2;1;
201900002264;138 302 302;B01;2;7;0;2;4;2;1;
201900002264;138 302 303;A01;2;7;0;2;1;1;1;
201900002265;138 302 299;B01;2;7;0;2;4;2;1;
201900002265;138 302 300;A01;2;7;0;2;1;2;1;
201900002266;138 302 297;B01;2;38;0;2;2;15;1;1
201900002266;138 302 298;A01;1;33;0;2;1;17;1;
201900002267;138 302 296;A01;3;10;0;1;7;14;0;
201900002268;138 302 294;A01;2;30;0;2;3;2;1;
201900002268;138 302 295;B01;2;7;0;2;5;2;1;
201900002269;138 302 291;A01;1;7;0;1;2;1;1;
201900002270;138 302 290;A01;2;33;1;0;1;14;1;
201900002271;138 302 289;A01;3;7;0;1;2;1;0;
201900002272;138 302 288;A01;3;7;0;1;2;1;1;
201900002273;138 302 287;A01;3;1;0;1;0;21;5;
201900002274;138 302 285;B01;1;80;0;2;1;1;3;
201900002274;138 302 286;A01;2;7;0;2;7;16;1;
201900002275;138 302 282;B01;0;50;0;0;0;0;0;
201900002275;138 302 283;A01;0;7;0;2;2;0;1;
201900002276;138 302 281;A01;0;7;15;0;2;1;1;
201900002277;138 302 279;A01;2;7;0;2;8;11;1;
201900002277;138 302 280;B01;2;33;0;2;7;1;1;
201900002278;138 302 277;Z01;1;7;0;2;1;1;0;
201900002278;138 302 278;A01;1;7;0;2;4;2;1;
201900002279;138 302 275;A01;2;30;0;2;1;21;1;
201900002279;138 302 276;B01;2;7;0;2;3;1;1;
201900002280;138 302 273;Y01;0;60;0;2;1;1;5;
201900002280;138 302 274;A01;3;7;0;1;3;9;1;
201900002281;138 302 270;C01;2;7;0;2;3;1;1;
201900002281;138 302 271;B01;1;7;0;2;1;1;4;
201900002281;138 302 272;A01;1;7;0;2;1;1;4;
201900002282;138 302 268;B01;1;32;0;2;0;0;1;
201900002282;138 302 269;Z01;1;7;0;2;0;0;6;
201900002283;138 302 266;A01;1;7;0;2;2;15;0;
201900002283;138 302 267;B01;2;7;0;2;1;1;0;
201900002284;138 302 265;A01;1;7;0;1;3;15;1;
201900002285;138 302 263;A01;2;50;0;2;3;13;3;
201900002285;138 302 264;B01;2;37;0;2;2;1;1;1
201900002286;138 302 261;B01;1;37;0;2;3;15;1;1
201900002286;138 302 262;A01;1;33;0;2;1;17;1;
201900002287;138 302 259;B01;2;33;0;2;1;15;1;
201900002287;138 302 260;A01;2;7;0;2;2;15;1;
201900002288;138 302 257;B01;3;1;0;2;7;18;5;
201900002288;138 302 258;A01;3;7;0;2;7;22;1;
201900002289;138 302 255;B01;2;7;0;2;5;1;1;
201900002289;138 302 256;A01;2;7;0;2;1;9;1;
201900002290;138 302 253;A01;1;30;0;2;1;2;1;
201900002290;138 302 254;B01;1;7;0;0;4;2;1;
201900002291;138 302 251;B01;2;7;0;0;0;0;1;
201900002291;138 302 252;A01;1;7;0;0;0;0;1;
201900002292;138 302 249;B01;1;7;0;2;1;0;1;
201900002292;138 302 250;A01;1;7;0;2;1;0;1;
201900002293;138 302 247;A01;2;7;0;2;8;10;1;
201900002293;138 302 248;B01;2;33;0;2;1;17;1;
201900002294;138 302 246;A01;3;13;0;1;4;23;1;
201900002295;138 302 245;A01;3;7;12;0;1;2;0;
201900002296;138 302 243;A01;0;33;0;2;7;5;0;
201900002296;138 302 244;B01;0;3;0;6;8;2;1;
201900002297;138 302 241;B01;1;7;0;2;3;15;1;
201900002297;138 302 242;A01;1;33;0;2;1;1;1;
201900002298;138 302 240;A01;1;7;0;1;3;1;1;
201900002299;138 302 239;A01;2;7;6;0;2;13;1;
201900002300;138 302 234;A01;2;7;0;1;2;16;1;
201900002301;138 302 231;C01;1;7;0;2;4;23;1;
201900002301;138 302 232;B01;1;7;0;2;4;2;1;
201900002301;138 302 233;A01;1;7;0;2;1;2;1;
201900002302;138 302 227;A01;1;7;0;2;1;2;1;
201900002302;138 302 228;B01;1;7;0;2;4;2;1;
201900002303;138 302 226;Z01;1;7;0;1;1;1;0;
201900002304;138 302 223;B01;1;2;0;2;8;1;1;
201900002304;138 302 224;A01;2;10;0;2;2;15;1;
201900002305;138 302 219;A01;1;15;11;0;3;1;1;
201900002306;138 302 218;A01;2;7;1;1;3;1;1;
201900002307;138 302 212;A01;3;7;0;2;3;19;1;
201900002307;138 302 213;B01;2;33;0;2;1;17;1;
201900002308;138 302 210;A01;2;7;0;2;3;19;1;
201900002308;138 302 211;B01;2;2;0;2;1;1;1;
201900002309;138 302 208;A01;2;7;0;2;2;1;1;
201900002309;138 302 209;B01;2;10;0;2;3;1;1;
201900002310;138 302 206;A01;3;7;0;2;1;1;1;
201900002310;138 302 207;B01;3;7;0;2;7;1;1;
201900002311;138 302 205;A01;1;7;0;1;3;17;1;
201900002312;138 302 201;A01;3;7;0;1;0;0;0;
201900002313;138 302 199;B01;2;7;0;2;3;1;1;
201900002313;138 302 200;A01;1;30;0;2;0;1;1;
201900002314;138 302 197;A01;1;50;0;2;1;19;3;
201900002314;138 302 198;B01;2;37;0;2;7;16;6;1
201900002315;138 302 195;B01;2;7;0;2;2;1;1;
201900002315;138 302 196;A01;1;2;0;2;1;25;1;
201900002316;138 302 194;A01;1;7;0;1;1;15;1;
201900002317;138 302 190;B01;1;30;0;2;4;1;1;
201900002317;138 302 191;A01;1;7;0;2;2;2;1;
201900002318;138 302 188;B01;1;1;0;0;0;1;5;
201900002318;138 302 189;A01;1;7;0;0;0;16;1;
201900002319;138 302 186;B01;1;7;0;2;3;15;1;
201900002319;138 302 187;A01;1;30;0;2;1;17;1;
201900002320;138 302 185;A01;1;32;0;0;0;1;1;
201900002321;138 302 183;A01;1;7;0;2;7;1;1;
201900002321;138 302 184;B01;1;7;0;2;7;15;2;
201900002322;138 302 180;A01;3;7;0;1;4;20;1;
201900002323;138 302 179;A01;1;7;0;1;1;1;1;
201900002324;138 302 177;B01;1;7;0;2;1;1;1;
201900002324;138 302 178;A01;1;31;0;2;1;9;1;
201900002325;138 302 176;A01;1;7;0;1;0;1;1;
201900002326;138 302 174;B01;1;37;0;2;1;1;1;1
201900002326;138 302 175;A01;1;7;0;2;1;5;1;
201900002327;138 302 172;A01;3;2;0;2;3;2;1;
201900002327;138 302 173;B01;3;7;0;2;7;16;1;
201900002328;138 302 170;A01;1;7;0;2;2;1;1;
201900002328;138 302 171;B01;1;7;0;2;2;16;1;
201900002329;138 302 168;A01;1;7;0;2;8;0;1;
201900002329;138 302 169;B01;1;80;0;2;4;0;3;
201900002330;138 302 165;C01;1;7;0;2;4;0;1;
201900002330;138 302 166;B01;1;7;0;2;9;0;1;
201900002330;138 302 167;A01;1;7;0;2;1;0;1;
201900002331;138 302 163;B01;1;33;0;2;8;1;1;
201900002331;138 302 164;A01;2;7;0;2;1;26;1;
201900002332;138 302 162;A01;0;7;0;1;1;26;1;
201900002333;138 302 160;B01;2;2;0;2;7;1;1;
201900002333;138 302 161;A01;1;7;0;2;3;15;1;
201900002334;138 302 158;B01;3;30;0;2;7;2;1;
201900002334;138 302 159;A01;1;7;0;2;2;2;1;
201900002335;138 302 156;A01;1;7;0;2;1;12;1;
201900002335;138 302 157;B01;1;2;0;2;4;1;1;
201900002336;138 302 154;A01;2;7;0;2;8;13;1;
201900002336;138 302 155;B01;2;30;0;2;2;17;1;
201900002337;138 302 152;A01;1;7;0;4;1;13;1;
201900002337;138 302 153;B01;2;3;0;2;1;1;1;
201900002338;138 302 151;A01;2;7;0;1;1;15;1;
201900002339;138 302 147;A01;2;7;0;2;1;1;1;
201900002339;138 302 148;B01;1;7;0;2;1;15;1;
201900002340;138 302 145;B01;1;7;0;2;3;15;1;
201900002340;138 302 146;A01;1;32;0;2;2;17;1;
201900002341;138 302 143;B01;0;34;0;0;3;0;0;
201900002341;138 302 144;A01;0;7;0;2;1;0;0;
201900002342;138 302 141;A01;2;30;0;6;1;0;1;
201900002342;138 302 142;B01;2;1;0;2;1;0;5;
201900002343;138 302 139;B01;1;2;0;2;0;0;0;
201900002343;138 302 140;A01;1;7;0;2;2;15;0;
201900002344;138 302 137;A01;1;7;0;2;2;17;1;
201900002344;138 302 138;B01;2;33;0;2;1;2;1;
201900002345;138 302 134;C01;1;7;0;2;4;23;1;
201900002345;138 302 135;B01;1;7;0;2;4;23;1;
201900002345;138 302 136;A01;1;7;0;2;1;2;1;
201900002346;138 302 132;B01;0;7;0;0;7;23;1;
201900002346;138 302 133;A01;0;2;1;2;1;1;1;
201900002347;138 302 130;A01;3;7;0;2;3;9;1;
201900002347;138 302 131;B01;3;33;0;2;1;2;1;
201900002348;138 302 128;A01;1;7;0;2;8;15;1;
201900002348;138 302 129;B01;1;33;0;2;2;26;1;
201900002349;138 302 125;A01;2;42;0;2;1;3;1;
201900002349;138 302 126;B01;2;33;0;2;4;3;1;
201900002349;138 302 127;C01;2;10;0;2;8;1;1;
201900002350;138 302 123;B01;1;7;0;2;8;11;1;
201900002350;138 302 124;A01;1;33;0;2;2;3;1;
201900002351;138 302 121;B01;1;33;0;2;8;1;1;
201900002351;138 302 122;A01;1;7;0;2;7;22;1;
201900002352;138 302 119;A01;2;1;0;2;1;1;5;
201900002352;138 302 120;Z01;1;7;0;2;3;15;1;
201900002353;138 302 117;Z01;2;7;0;2;1;2;1;
201900002353;138 302 118;A01;2;7;0;2;4;2;1;
201900002354;138 302 116;Z01;1;34;0;1;1;1;1;
201900002355;138 302 115;Z01;1;31;0;1;4;1;1;
201900002356;138 302 113;Z01;1;7;0;2;2;1;0;
201900002356;138 302 114;A01;1;50;0;2;8;1;3;
201900002357;138 302 112;A01;2;7;0;1;1;15;2;
201900002358;138 302 110;B01;2;50;0;2;1;1;3;
201900002358;138 302 111;A01;2;7;0;2;8;22;2;
201900002359;138 302 109;A01;2;30;0;1;1;1;1;
201900002360;138 302 107;B01;1;60;0;2;7;19;5;
201900002360;138 302 108;A01;2;7;0;2;2;1;1;
201900002361;138 302 105;B01;1;33;0;2;1;1;1;
201900002361;138 302 106;A01;2;7;0;2;2;15;1;
201900002362;138 302 104;A01;2;7;1;0;7;4;1;
201900002363;138 302 102;A01;2;7;0;2;5;16;1;
201900002363;138 302 103;B01;2;1;0;2;8;1;5;
201900002364;138 302 100;A01;2;7;0;2;1;15;1;
201900002364;138 302 101;B01;1;33;0;2;1;1;1;
201900002365;138 302 098;A01;1;1;0;2;8;16;5;
201900002365;138 302 099;B01;1;32;0;2;7;1;1;
201900002366;138 302 095;C01;2;7;0;2;0;2;1;
201900002366;138 302 096;B01;2;10;9;2;8;1;1;
201900002366;138 302 097;A01;1;7;0;2;1;15;1;
201900002367;138 302 093;A01;1;7;0;2;2;16;1;
201900002367;138 302 094;B01;1;34;0;2;3;1;1;
201900002368;138 302 091;B01;2;50;0;2;2;19;3;
201900002368;138 302 092;A01;1;34;0;2;3;1;1;
201900002369;138 302 090;Z01;2;1;0;1;7;1;5;
201900002370;138 302 088;B01;2;33;0;2;3;1;1;
201900002370;138 302 089;A01;1;7;0;2;2;15;1;
201900002371;138 302 086;A01;1;37;0;2;0;7;1;1
201900002371;138 302 087;B01;1;1;0;2;0;13;5;
201900002372;138 302 083;A01;1;7;0;2;5;12;1;
201900002372;138 302 084;B01;1;2;0;2;1;3;1;
201900002372;138 302 085;C01;1;7;0;1;6;2;1;
201900002373;138 302 081;A01;1;7;1;0;2;2;0;
201900002373;138 302 082;B01;1;10;0;2;6;24;0;
201900002374;138 302 079;A01;2;30;0;1;1;21;1;
201900002375;138 302 077;A01;3;30;0;0;0;15;1;
201900002375;138 302 078;Z01;3;17;0;0;8;15;1;
201900002376;138 302 076;A01;1;10;0;1;1;1;1;
201900002377;138 302 074;B01;1;7;0;2;1;26;1;
201900002377;138 302 075;A01;1;7;1;0;6;15;1;
201900002378;138 302 073;Z01;3;0;0;1;1;0;0;
201900002379;138 302 071;B01;2;7;0;2;4;1;1;
201900002379;138 302 072;A01;2;7;0;2;1;1;1;
201900002380;138 302 069;A01;1;7;0;2;7;15;1;
201900002380;138 302 070;B01;2;33;0;2;1;1;1;
201900002381;138 302 067;A01;1;7;0;2;1;2;1;
201900002381;138 302 068;B01;1;34;0;2;4;2;1;
201900002382;138 302 065;A01;1;7;0;2;8;13;1;
201900002382;138 302 066;B01;1;32;0;2;7;17;1;
201900002383;138 302 063;B01;1;33;0;2;1;2;1;
201900002383;138 302 064;A01;3;7;0;2;2;10;1;
201900002384;138 302 061;B01;2;33;7;0;4;0;0;
201900002384;138 302 062;A01;2;7;0;2;1;0;0;
201900002385;138 302 059;B01;1;20;1;0;4;23;1;
201900002385;138 302 060;A01;1;32;0;2;4;11;1;
201900002386;138 302 057;B01;3;33;0;2;7;1;1;
201900002386;138 302 058;Z01;3;7;0;2;0;0;0;
201900002387;138 302 055;B01;1;33;0;2;7;16;1;
201900002387;138 302 056;A01;2;33;0;2;1;1;1;
201900002388;138 302 053;B01;3;3;0;2;0;0;1;
201900002388;138 302 054;A01;3;3;0;2;1;1;1;
201900002389;138 302 051;A01;1;10;0;2;1;15;0;
201900002389;138 302 052;B01;1;33;0;2;8;1;0;
201900002390;138 302 050;A01;2;10;0;1;3;1;1;
201900002391;138 302 048;T01;1;7;0;1;0;1;1;
201900002391;138 302 049;A01;2;3;1;2;3;1;1;
201900002392;138 302 047;A01;2;7;0;1;3;16;1;
201900002393;138 302 045;A01;0;33;0;0;0;0;0;
201900002393;138 302 046;B01;1;1;0;2;4;2;5;
201900002394;138 302 041;A01;1;7;0;1;3;1;2;
201900002395;138 302 040;A01;3;7;0;1;1;1;2;
201900002396;138 302 039;A01;3;7;15;0;2;14;1;
201900002397;138 302 037;A01;3;7;0;2;3;11;1;
201900002397;138 302 038;B01;3;33;0;2;7;1;1;
201900002398;138 302 036;A01;1;7;0;1;2;15;1;
201900002399;138 302 034;B01;1;2;0;2;3;18;1;
201900002399;138 302 035;A01;1;10;0;2;2;16;1;
201900002400;138 302 032;B01;3;0;0;2;9;1;0;
201900002400;138 302 033;A01;3;7;0;2;3;9;1;
201900002401;138 302 030;A01;1;7;0;1;1;15;6;
201900002401;138 302 031;B01;1;99;0;2;0;0;6;
201900002402;138 302 028;A01;2;30;0;2;8;21;1;
201900002402;138 302 029;B01;2;7;0;2;4;23;1;
201900002403;138 302 026;B01;2;7;0;2;3;1;0;
201900002403;138 302 027;A01;1;7;0;2;1;1;0;
201900002404;138 302 025;A01;2;7;2;0;2;1;0;
201900002405;138 302 023;A01;1;10;0;2;6;13;1;
201900002405;138 302 024;B01;1;10;0;2;7;1;1;
201900002406;138 302 021;B01;2;14;0;0;5;1;1;
201900002406;138 302 022;A01;2;10;0;2;3;2;1;
201900002407;138 302 018;C01;2;10;6;2;1;13;1;
201900002407;138 302 019;B01;2;7;6;0;4;13;1;
201900002407;138 302 020;A01;1;10;6;0;4;13;1;
201900002408;138 302 016;B01;3;7;0;2;3;1;1;
201900002408;138 302 017;A01;3;7;0;2;2;1;1;
201900002409;138 302 014;A01;1;7;0;2;1;15;1;
201900002409;138 302 015;B01;2;7;0;2;1;1;1;
201900002410;138 302 012;A01;1;7;0;2;1;19;1;
201900002410;138 302 013;B01;2;7;0;2;8;1;1;
201900002411;138 302 010;A01;1;33;0;2;1;1;1;
201900002411;138 302 011;B01;1;7;0;0;6;15;1;
201900002412;138 302 009;A01;1;7;4;0;3;0;1;
201900002413;138 302 008;A01;3;7;2;0;7;13;1;
201900002414;138 302 007;A01;2;7;2;0;3;1;1;
201900002415;138 302 003;A01;2;7;0;2;2;15;1;
201900002415;138 302 004;B01;1;10;0;2;1;1;1;
201900002416;138 302 000;C01;2;7;0;2;3;1;1;
201900002416;138 302 001;B01;1;7;0;2;3;1;1;
201900002416;138 302 002;A01;2;7;0;2;3;1;1;
201900002417;138 301 999;A01;0;2;13;0;1;1;1;
201900002418;138 301 997;A01;1;33;0;2;1;1;1;
201900002418;138 301 998;B01;1;7;0;2;4;23;1;
201900002419;138 301 996;A01;1;7;2;0;1;1;1;
201900002420;138 301 995;A01;0;7;6;0;1;0;1;
201900002421;138 301 993;B01;1;33;0;2;1;17;1;
201900002421;138 301 994;A01;1;3;0;2;3;15;1;
201900002422;138 301 992;A01;2;33;0;0;8;17;1;
201900002423;138 301 990;B01;1;7;0;2;5;1;1;
201900002423;138 301 991;A01;1;1;0;2;8;19;6;
201900002424;138 301 988;B01;2;7;0;2;3;1;1;
201900002424;138 301 989;A01;1;7;0;2;3;13;1;
201900002425;138 301 987;A01;1;33;0;6;1;1;1;
201900002426;138 301 986;A01;1;7;2;0;1;1;1;
201900002427;138 301 984;A01;1;7;4;2;3;5;1;
201900002427;138 301 985;B01;2;7;0;2;3;1;1;
201900002428;138 301 982;A01;0;7;0;2;2;15;1;
201900002428;138 301 983;B01;2;2;0;2;1;1;1;
201900002429;138 301 981;A01;1;7;0;0;9;1;1;
201900002430;138 301 980;A01;3;7;0;1;1;24;1;
201900002431;138 301 977;A01;1;33;0;0;8;1;1;
201900002432;138 301 975;B01;1;1;0;2;4;1;5;
201900002432;138 301 976;A01;1;14;0;2;2;1;1;
201900002433;138 301 973;A01;1;7;8;2;2;19;1;
201900002433;138 301 974;B01;1;15;8;2;3;1;1;
201900002434;138 301 972;A01;3;33;0;0;9;0;1;
201900002435;138 301 971;A01;2;7;13;0;9;21;1;
201900002436;138 301 970;A01;3;7;6;0;2;14;1;
201900002437;138 301 968;A01;3;7;0;2;3;15;1;
201900002437;138 301 969;B01;0;2;0;2;1;26;1;
201900002438;138 301 967;A01;3;33;13;0;2;15;1;
201900002439;138 301 965;B01;2;7;3;2;1;0;1;
201900002439;138 301 966;A01;1;7;0;2;1;21;1;
201900002440;138 301 963;A01;2;7;0;2;1;15;1;
201900002440;138 301 964;B01;1;7;0;2;2;1;1;
201900002441;138 301 962;A01;1;31;0;0;0;0;1;
201900002442;138 301 961;A01;1;7;0;1;2;2;1;
201900002443;138 301 959;B01;2;7;3;0;6;1;1;
201900002443;138 301 960;A01;2;33;0;0;5;2;1;
201900002444;138 301 957;B01;1;7;0;2;1;1;1;
201900002444;138 301 958;A01;1;7;0;2;1;17;1;
201900002445;138 301 953;A01;1;7;1;2;8;1;1;
201900002445;138 301 954;Z01;1;7;0;0;0;0;1;
201900002446;138 301 951;A01;1;7;0;2;3;16;1;
201900002446;138 301 952;B01;1;7;0;2;1;2;1;
201900002447;138 301 950;A01;2;7;2;0;7;14;1;
201900002448;138 301 948;A01;1;7;0;2;7;15;1;
201900002448;138 301 949;B01;2;17;0;2;2;1;1;
201900002449;138 301 947;Z01;1;7;0;1;0;1;0;
201900002450;138 301 941;B01;2;7;0;2;3;1;1;
201900002450;138 301 942;A01;2;7;0;2;3;1;1;
201900002451;138 301 939;A01;2;7;0;2;8;19;1;
201900002451;138 301 940;B01;1;32;0;2;1;1;1;
201900002452;138 301 938;A01;1;1;15;0;1;2;5;
201900002453;138 301 937;A01;1;2;0;4;1;1;1;
201900002454;138 301 935;A01;2;7;6;2;3;21;1;
201900002454;138 301 936;B01;1;7;0;2;3;16;1;
201900002455;138 301 933;A01;2;1;0;2;1;1;5;
201900002455;138 301 934;B01;2;7;0;2;3;15;1;
201900002456;138 301 930;C01;1;7;0;2;3;1;1;
201900002456;138 301 931;B01;1;10;0;2;3;1;1;
201900002456;138 301 932;A01;2;33;0;2;1;17;1;
201900002457;138 301 928;B01;1;7;0;2;4;2;1;
201900002457;138 301 929;A01;1;33;0;2;1;2;1;
201900002458;138 301 926;B01;3;30;0;2;7;2;1;
201900002458;138 301 927;A01;3;10;0;2;1;2;1;
201900002459;138 301 925;A01;1;7;0;1;3;15;1;
201900002460;138 301 923;B01;1;32;0;2;0;0;1;
201900002460;138 301 924;A01;1;7;0;2;3;15;1;
201900002461;138 301 920;B01;3;7;0;2;3;5;0;
201900002461;138 301 921;C01;3;7;0;2;4;24;1;
201900002461;138 301 922;A01;1;7;0;2;1;26;1;
201900002462;138 301 919;A01;3;7;0;1;0;0; -1;
201900002463;138 301 917;A01;0;7;0;2;5;15;1;
201900002463;138 301 918;B01;0;33;0;2;1;1;1;
201900002464;138 301 914;A01;1;7;0;0;9;1;1;
201900002465;138 301 912;B01;3;33;0;2;1;1;1;
201900002465;138 301 913;A01;3;7;0;2;3;9;1;
201900002466;138 301 911;A01;2;7;1;0;3;1;1;
201900002467;138 301 908;C01;1;7;0;2;3;1;1;
201900002467;138 301 909;B01;1;7;0;2;3;1;1;
201900002467;138 301 910;A01;2;7;0;2;2;15;1;
201900002468;138 301 903;B01;2;31;0;2;1;1;1;
201900002468;138 301 904;A01;2;7;0;2;7;9;1;
201900002469;138 301 901;A01;2;15;0;2;2;1;1;
201900002469;138 301 902;B01;2;2;0;2;4;1;1;
201900002470;138 301 899;A01;2;7;0;2;1;9;1;
201900002470;138 301 900;B01;2;7;0;2;1;1;1;
201900002471;138 301 898;A01;0;10;0;1;0;1;1;
201900002472;138 301 896;A01;0;2;0;2;8;9;1;
201900002472;138 301 897;B01;0;7;0;1;8;0;0;
201900002473;138 301 895;A01;0;7;0;1;1;26;1;
201900002474;138 301 892;B01;1;7;0;2;4;1;1;
201900002474;138 301 893;A01;1;14;0;2;4;1;1;
201900002474;138 301 894;C01;1;7;0;2;1;2;1;
201900002475;138 301 889;A01;2;7;0;2;1;2;1;
201900002475;138 301 890;C01;2;7;0;2;4;2;1;
201900002475;138 301 891;B01;2;7;0;2;4;2;1;
201900002476;138 301 886;B01;1;7;0;2;7;12;1;
201900002476;138 301 887;C01;1;7;0;2;4;1;1;
201900002476;138 301 888;A01;1;30;0;2;1;18;1;
201900002477;138 301 885;A01;1;7;0;1;5;26;1;
201900002478;138 301 883;B01;1;7;0;2;4;1;1;
201900002478;138 301 884;A01;1;7;0;2;1;1;1;
201900002479;138 301 881;A01;0;7;0;1;1;0;1;
201900002479;138 301 882;B01;3;1;0;2;8;19;5;
201900002480;138 301 879;A01;2;7;0;2;3;13;1;
201900002480;138 301 880;B01;1;7;0;2;3;1;1;
201900002481;138 301 876;A01;2;7;0;1;1;2;1;
201900002482;138 301 874;B01;1;31;0;2;7;15;1;
201900002482;138 301 875;A01;1;7;0;2;1;9;1;
201900002483;138 301 873;A01;1;7;0;1;8;1;1;
201900002484;138 301 870;B01;1;7;0;2;4;2;1;
201900002484;138 301 871;A01;1;7;0;2;1;26;1;